rq,p4_program,packet_size_bytes,background_load_mbps,cold_idle_reference,median_us_rep1,median_us_rep2,delta_us,delta_pct_us,within_5pct_us,within_10pct_us,within_20pct_us,n_samples_rep1,mean_us_rep1,std_us_rep1,p25_us_rep1,p75_us_rep1,p99_us_rep1,p999_us_rep1,n_samples_rep2,mean_us_rep2,std_us_rep2,p25_us_rep2,p75_us_rep2,p99_us_rep2,p999_us_rep2,n_switches,n_entries_per_switch,operation,mode,median_s_rep1,median_s_rep2,delta_s,delta_pct_s,within_5pct_s,within_10pct_s,within_20pct_s,n_reps_rep1,mean_s_rep1,std_s_rep1,p25_s_rep1,p75_s_rep1,median_entries_per_sec_rep1,n_reps_rep2,mean_s_rep2,std_s_rep2,p25_s_rep2,p75_s_rep2,median_entries_per_sec_rep2,abs_mean_us_rep1,abs_mean_us_rep2,p1_us_rep1,abs_p99_us_rep1,per_hop_n_rep1,per_hop_abs_mean_us_rep1,p1_us_rep2,abs_p99_us_rep2,per_hop_n_rep2,per_hop_abs_mean_us_rep2,topology,source_workload_type,metric,mean_rep1,mean_rep2,delta_value,delta_pct_value,within_5pct_value,within_10pct_value,within_20pct_value,max_rep1,std_rep1,p5_rep1,p95_rep1,max_rep2,std_rep2,p5_rep2,p95_rep2
rq1,l2_forward,64.0,1.0,False,110.0,84.0,-26.0,-23.636363636363637,False,False,False,1000.0,128.072,159.0951982245162,97.0,131.0,330.04,3029.9520000000857,1000.0,91.813,51.58200009435204,79.0,92.0,204.24999999999977,650.5310000000478,,,,,,,,,,,,,,,,,,,,,,,,,,,,,,,,,,,,,,,,,,,,,,,,,,,
rq1,l2_forward,64.0,25.0,False,83.0,76.0,-7.0,-8.433734939759036,False,True,True,1000.0,90.991,31.288334549459147,77.0,96.0,194.05999999999997,418.122000000011,1000.0,80.844,26.146650097312875,70.0,85.0,159.05999999999997,310.2230000000201,,,,,,,,,,,,,,,,,,,,,,,,,,,,,,,,,,,,,,,,,,,,,,,,,,,
rq1,l2_forward,64.0,45.0,False,80.0,76.0,-4.0,-5.0,True,True,True,1000.0,88.268,29.81662635522683,74.0,92.0,209.02,367.0130000000012,1000.0,84.063,36.29424614595685,71.0,86.0,178.01999999999998,591.0840000000076,,,,,,,,,,,,,,,,,,,,,,,,,,,,,,,,,,,,,,,,,,,,,,,,,,,
rq1,l2_forward,256.0,1.0,False,113.0,82.0,-31.0,-27.43362831858407,False,False,False,1000.0,127.301,70.15766884309582,99.0,133.0,352.0,1227.0050000000006,1000.0,88.713,39.97592657720026,77.0,91.0,214.18999999999983,565.3250000000293,,,,,,,,,,,,,,,,,,,,,,,,,,,,,,,,,,,,,,,,,,,,,,,,,,,
rq1,l2_forward,256.0,25.0,False,81.0,75.0,-6.0,-7.407407407407407,False,True,True,1000.0,88.518,34.04886196337553,75.0,92.0,218.03,435.244000000022,1000.0,81.367,25.788706217419445,70.0,86.0,161.04999999999995,350.1030000000093,,,,,,,,,,,,,,,,,,,,,,,,,,,,,,,,,,,,,,,,,,,,,,,,,,,
rq1,l2_forward,256.0,45.0,False,87.0,78.0,-9.0,-10.344827586206897,False,False,True,1000.0,99.493,38.51905591611337,78.0,110.0,269.01,341.11700000001053,1000.0,91.244,44.610498322262224,72.0,93.0,272.04,475.32600000002935,,,,,,,,,,,,,,,,,,,,,,,,,,,,,,,,,,,,,,,,,,,,,,,,,,,
rq1,l2_forward,1500.0,1.0,False,98.0,85.0,-13.0,-13.26530612244898,False,False,True,1000.0,107.828,43.90487506022599,90.0,113.0,265.16999999999985,607.1260000000113,1000.0,92.29,28.35919858078052,80.0,95.0,236.03,373.0270000000024,,,,,,,,,,,,,,,,,,,,,,,,,,,,,,,,,,,,,,,,,,,,,,,,,,,
rq1,l2_forward,1500.0,25.0,False,87.0,76.0,-11.0,-12.64367816091954,False,False,True,1000.0,99.227,51.3623944785148,78.0,105.0,257.04,851.067000000006,1000.0,83.348,32.92514177586728,70.0,88.0,188.04999999999995,413.2710000000244,,,,,,,,,,,,,,,,,,,,,,,,,,,,,,,,,,,,,,,,,,,,,,,,,,,
rq1,l2_forward,1500.0,45.0,False,82.0,75.0,-7.0,-8.536585365853659,False,True,True,1000.0,91.193,39.26361397505816,76.0,93.0,199.0,544.2870000000258,1000.0,88.265,136.39249131343956,70.0,85.0,173.06999999999994,3000.145000000013,,,,,,,,,,,,,,,,,,,,,,,,,,,,,,,,,,,,,,,,,,,,,,,,,,,
rq1,l3_lpm,64.0,1.0,False,117.0,97.0,-20.0,-17.094017094017094,False,False,True,1000.0,137.214,194.25776247625805,106.0,135.0,381.0,4166.210000000019,1000.0,115.03,239.3729025735505,91.0,108.0,258.0,2070.21800000047,,,,,,,,,,,,,,,,,,,,,,,,,,,,,,,,,,,,,,,,,,,,,,,,,,,
rq1,l3_lpm,64.0,25.0,False,98.0,89.0,-9.0,-9.183673469387756,False,True,True,1000.0,104.263,25.29283611140828,90.0,109.0,194.01,259.0120000000011,1000.0,97.143,49.635574351882354,84.0,100.0,197.0,708.6380000000574,,,,,,,,,,,,,,,,,,,,,,,,,,,,,,,,,,,,,,,,,,,,,,,,,,,
rq1,l3_lpm,64.0,45.0,False,96.0,91.0,-5.0,-5.208333333333333,False,True,True,1000.0,109.757,117.34630845112729,90.0,108.25,224.08999999999992,454.2010000002882,999.0,102.13413413413411,33.58514478048112,85.0,107.0,221.04,322.08600000000285,,,,,,,,,,,,,,,,,,,,,,,,,,,,,,,,,,,,,,,,,,,,,,,,,,,
rq1,l3_lpm,256.0,0.0,True,585.5,524.0,-61.5,-10.503842869342442,False,False,True,1000.0,565.249,191.72305737633576,470.0,679.25,1051.02,1295.288000000026,1100.0,520.7527272727273,199.8338544236459,408.5,617.25,1066.15,1484.1010000000135,,,,,,,,,,,,,,,,,,,,,,,,,,,,,,,,,,,,,,,,,,,,,,,,,,,
rq1,l3_lpm,256.0,1.0,False,125.0,96.0,-29.0,-23.2,False,False,False,1000.0,142.449,89.79393269786856,110.0,145.0,502.1599999999999,1357.2170000000197,1100.0,107.21818181818182,90.32647104070628,89.0,107.0,269.04999999999995,653.6140000000009,,,,,,,,,,,,,,,,,,,,,,,,,,,,,,,,,,,,,,,,,,,,,,,,,,,
rq1,l3_lpm,256.0,25.0,False,102.0,91.0,-11.0,-10.784313725490197,False,False,True,1000.0,119.888,92.67464618786546,92.0,125.0,318.0,1298.0610000000956,1100.0,100.35090909090908,32.7259076424159,86.0,104.0,201.16999999999985,400.4060000000004,,,,,,,,,,,,,,,,,,,,,,,,,,,,,,,,,,,,,,,,,,,,,,,,,,,
rq1,l3_lpm,256.0,45.0,False,96.0,91.0,-5.0,-5.208333333333333,False,True,True,1000.0,107.392,35.013029692505164,90.75,111.0,234.05999999999997,427.0090000000008,1100.0,101.66272727272728,43.04710871282039,84.0,105.0,221.02,290.6340000000023,,,,,,,,,,,,,,,,,,,,,,,,,,,,,,,,,,,,,,,,,,,,,,,,,,,
rq1,l3_lpm,1500.0,1.0,False,119.0,96.0,-23.0,-19.327731092436974,False,False,True,1000.0,131.26,49.57198585674959,108.0,136.0,383.0799999999999,498.234000000021,1000.0,112.783,328.81168932694294,91.0,107.0,202.50999999999956,732.729000000876,,,,,,,,,,,,,,,,,,,,,,,,,,,,,,,,,,,,,,,,,,,,,,,,,,,
rq1,l3_lpm,1500.0,25.0,False,98.0,92.0,-6.0,-6.122448979591836,False,True,True,1000.0,105.872,33.01823465632013,91.0,110.0,218.1099999999999,419.1100000000099,1000.0,102.696,121.59556350897456,86.0,102.0,206.25999999999976,587.2270000002906,,,,,,,,,,,,,,,,,,,,,,,,,,,,,,,,,,,,,,,,,,,,,,,,,,,
rq1,l3_lpm,1500.0,45.0,False,98.0,92.0,-6.0,-6.122448979591836,False,True,True,1000.0,111.213,47.864586592277696,92.0,112.0,270.15999999999985,688.0010000000001,1000.0,104.301,65.29528216397317,85.0,105.0,217.03,680.0230000000921,,,,,,,,,,,,,,,,,,,,,,,,,,,,,,,,,,,,,,,,,,,,,,,,,,,
rq1,l3_lpm_acl,64.0,1.0,False,113.0,105.0,-8.0,-7.079646017699115,False,True,True,1000.0,132.21,109.29000963585924,106.0,132.0,405.0899999999999,1874.5990000000536,1000.0,114.228,33.63390038718755,98.0,117.0,260.0799999999999,406.1480000000133,,,,,,,,,,,,,,,,,,,,,,,,,,,,,,,,,,,,,,,,,,,,,,,,,,,
rq1,l3_lpm_acl,64.0,25.0,False,107.0,98.0,-9.0,-8.411214953271028,False,True,True,1000.0,122.028,129.73537097677905,100.0,126.0,253.12999999999988,522.5440000003191,1000.0,106.652,36.076313508954826,93.0,109.0,200.02,608.0650000000059,,,,,,,,,,,,,,,,,,,,,,,,,,,,,,,,,,,,,,,,,,,,,,,,,,,
rq1,l3_lpm_acl,64.0,45.0,False,104.0,99.0,-5.0,-4.8076923076923075,True,True,True,1000.0,123.807,51.152598559011054,98.0,124.0,331.04999999999995,426.0430000000039,1000.0,112.917,40.23631533915689,93.0,114.0,258.01,400.011000000001,,,,,,,,,,,,,,,,,,,,,,,,,,,,,,,,,,,,,,,,,,,,,,,,,,,
rq1,l3_lpm_acl,256.0,1.0,False,152.0,103.0,-49.0,-32.23684210526316,False,False,False,1000.0,168.195,63.41555414492179,129.0,186.0,427.05,633.0280000000025,1000.0,109.185,26.20388174332991,97.0,113.0,240.04,326.12600000001135,,,,,,,,,,,,,,,,,,,,,,,,,,,,,,,,,,,,,,,,,,,,,,,,,,,
rq1,l3_lpm_acl,256.0,25.0,False,116.5,98.0,-18.5,-15.879828326180258,False,False,True,1000.0,131.175,47.79865150907592,104.0,144.0,307.04,584.0430000000039,1000.0,105.8,29.473695029614092,92.0,109.0,219.18999999999983,334.0520000000047,,,,,,,,,,,,,,,,,,,,,,,,,,,,,,,,,,,,,,,,,,,,,,,,,,,
rq1,l3_lpm_acl,256.0,45.0,False,104.0,97.0,-7.0,-6.730769230769231,False,True,True,1000.0,120.787,55.42220901635239,98.0,120.0,276.03,612.4760000000429,1000.0,110.135,55.78457397608853,91.0,110.25,237.06999999999996,739.6040000000544,,,,,,,,,,,,,,,,,,,,,,,,,,,,,,,,,,,,,,,,,,,,,,,,,,,
rq1,l3_lpm_acl,1500.0,1.0,False,129.0,104.0,-25.0,-19.37984496124031,False,False,True,1000.0,142.955,82.6073662087828,116.0,148.0,366.1199999999999,1567.2870000000255,1000.0,111.821,31.602748182597864,99.0,115.0,253.08999999999992,445.08500000000765,,,,,,,,,,,,,,,,,,,,,,,,,,,,,,,,,,,,,,,,,,,,,,,,,,,
rq1,l3_lpm_acl,1500.0,25.0,False,105.0,98.0,-7.0,-6.666666666666667,False,True,True,1000.0,115.391,54.06798929557549,98.0,119.0,254.0,354.1470000001033,1000.0,106.92,41.50952469784063,93.0,107.0,222.02,518.3720000000335,,,,,,,,,,,,,,,,,,,,,,,,,,,,,,,,,,,,,,,,,,,,,,,,,,,
rq1,l3_lpm_acl,1500.0,45.0,False,104.0,100.0,-4.0,-3.8461538461538463,True,True,True,1000.0,120.713,80.101916006722,97.0,123.0,266.01,340.966000000177,1000.0,113.599,41.804183867034034,92.0,115.0,268.01,398.0720000000065,,,,,,,,,,,,,,,,,,,,,,,,,,,,,,,,,,,,,,,,,,,,,,,,,,,
rq1,l3_lpm_int,64.0,1.0,False,117.0,96.0,-21.0,-17.94871794871795,False,False,True,2000.0,133.836,122.3611508184473,105.0,139.0,408.01,1026.09800000002,2000.0,104.767,94.44352016020012,90.0,107.0,238.06999999999996,390.1550000000316,,,,,,,,,,,,,,,,,,,,,,,,,,,,,,,,,,,,,,,,,,,,,,,,,,,
rq1,l3_lpm_int,64.0,25.0,False,100.0,90.0,-10.0,-10.0,False,True,True,2000.0,107.3065,42.68578915807958,93.0,111.0,239.06999999999996,575.059000000012,2000.0,97.773,32.8775293622937,85.0,101.0,201.07999999999996,488.0080000000016,,,,,,,,,,,,,,,,,,,,,,,,,,,,,,,,,,,,,,,,,,,,,,,,,,,
rq1,l3_lpm_int,64.0,45.0,False,99.0,91.0,-8.0,-8.080808080808081,False,True,True,2000.0,113.8745,93.7511727443741,92.75,112.0,255.03,1649.023000000005,2000.0,103.7115,95.65323851689176,85.0,104.0,213.02,500.0900000000184,,,,,,,,,,,,,,,,,,,,,,,,,,,,,,,,,,,,,,,,,,,,,,,,,,,
rq1,l3_lpm_int,256.0,1.0,False,118.5,97.0,-21.5,-18.143459915611814,False,False,True,2000.0,142.9965,171.51806526166726,105.0,142.0,432.2199999999998,2169.68800000014,2000.0,109.03,83.98814859581248,92.0,109.0,282.04,1309.8850000001803,,,,,,,,,,,,,,,,,,,,,,,,,,,,,,,,,,,,,,,,,,,,,,,,,,,
rq1,l3_lpm_int,256.0,25.0,False,100.0,89.0,-11.0,-11.0,False,False,True,2000.0,110.18,38.68484016290121,94.0,114.0,279.17999999999984,490.0210000000043,2000.0,100.045,87.45237523342053,84.0,99.0,246.18999999999983,2013.186000000038,,,,,,,,,,,,,,,,,,,,,,,,,,,,,,,,,,,,,,,,,,,,,,,,,,,
rq1,l3_lpm_int,256.0,45.0,False,100.0,91.0,-9.0,-9.0,False,True,True,1999.0,114.97698849424712,94.82401628701544,92.0,113.0,278.05999999999995,1501.700000000063,2000.0,102.333,48.20838241496528,85.0,104.0,218.01,616.1230000000251,,,,,,,,,,,,,,,,,,,,,,,,,,,,,,,,,,,,,,,,,,,,,,,,,,,
rq1,l3_lpm_int,1500.0,1.0,False,117.0,94.0,-23.0,-19.65811965811966,False,False,True,2000.0,132.891,75.03040650263048,106.0,135.0,414.02,1071.0160000000033,2000.0,105.1985,96.145837709203,89.0,105.0,249.01,1210.5290000001078,,,,,,,,,,,,,,,,,,,,,,,,,,,,,,,,,,,,,,,,,,,,,,,,,,,
rq1,l3_lpm_int,1500.0,25.0,False,99.0,90.0,-9.0,-9.090909090909092,False,True,True,2000.0,108.023,37.44467282219703,92.0,111.0,243.06999999999996,394.1710000000349,2000.0,98.6615,92.91404860387895,84.0,100.0,205.07999999999996,621.2350000000479,,,,,,,,,,,,,,,,,,,,,,,,,,,,,,,,,,,,,,,,,,,,,,,,,,,
rq1,l3_lpm_int,1500.0,45.0,False,100.0,90.0,-10.0,-10.0,False,True,True,2000.0,114.5945,47.78561292011515,93.0,118.0,270.01,520.2580000000526,2000.0,103.691,113.30455189329275,85.0,102.0,216.02,1496.2830000000577,,,,,,,,,,,,,,,,,,,,,,,,,,,,,,,,,,,,,,,,,,,,,,,,,,,
rq2,,,,,,,,,,,,,,,,,,,,,,,,,,1.0,10.0,insert,sync,0.0125205829972401,0.0134370735004267,0.0009164905031866007,7.319870834997236,False,True,True,10.0,0.0128074793989071,0.0025206495208377,0.0115714679850498,0.0145576370050548,799.168380027705,10.0,0.0126246949999767,0.0035628183934555,0.0107714107498395,0.0154831587497028,745.4680932263902,,,,,,,,,,,,,,,,,,,,,,,,,,,,
rq2,,,,,,,,,,,,,,,,,,,,,,,,,,1.0,10.0,read,sync,0.0015929429937386,0.0011730649994206,-0.00041987799431800004,-26.35863279278791,False,False,False,10.0,0.001620993996039,0.0005085079289141,0.0011894129856955,0.0019653107374324,6277.774500787285,10.0,0.0013296171002366,0.0004066528972932,0.0010383235012341,0.001545085750422,8532.855697165216,,,,,,,,,,,,,,,,,,,,,,,,,,,,
rq2,,,,,,,,,,,,,,,,,,,,,,,,,,1.0,100.0,insert,sync,0.0599406399996951,0.0521537720005653,-0.007786867999129803,-12.990965727375304,False,False,True,10.0,0.059220958201331,0.007885090066312,0.0520079512571101,0.0639374702586792,1669.35021446649,10.0,0.0536431068001547,0.0063211183833649,0.050299321500006,0.0546928612498049,1917.4234333102163,,,,,,,,,,,,,,,,,,,,,,,,,,,,
rq2,,,,,,,,,,,,,,,,,,,,,,,,,,1.0,100.0,read,sync,0.0049028200155589,0.0046887935013728,-0.00021402651418609992,-4.3653757124857835,True,True,True,10.0,0.0064370182080892,0.0038253004678538,0.004848596494412,0.0052777655146201,20396.626296181283,10.0,0.006176160400355,0.0048059847286189,0.0044432902495827,0.0050191367499792,21344.37722507232,,,,,,,,,,,,,,,,,,,,,,,,,,,,
rq2,,,,,,,,,,,,,,,,,,,,,,,,,,1.0,1000.0,insert,sync,0.4569740375009132,0.4252911829998993,-0.03168285450101388,-6.93318479848006,False,True,True,10.0,0.4604684411053313,0.0086565480285394,0.4559584000162431,0.4644246655225288,2188.308140297277,10.0,0.4335115667001446,0.0199535104085778,0.4216825910002626,0.4392224947500835,2351.36653873705,,,,,,,,,,,,,,,,,,,,,,,,,,,,
rq2,,,,,,,,,,,,,,,,,,,,,,,,,,1.0,1000.0,read,sync,0.0555599249928491,0.0472654454988514,-0.008294479493997697,-14.928888934002787,False,False,True,10.0,0.0512701810919679,0.0081529124561997,0.042605392736732,0.0564353904919698,17998.78924365936,10.0,0.0468490289995315,0.0059219317472873,0.0419263697494898,0.0519950549992245,21264.092646869158,,,,,,,,,,,,,,,,,,,,,,,,,,,,
rq2,,,,,,,,,,,,,,,,,,,,,,,,,,2.0,10.0,insert,async,0.0212553760065929,0.0197315525001613,-0.0015238235064315986,-7.169120442559782,False,True,True,10.0,0.0208447906014043,0.003957513371339,0.0180014342404319,0.0240030649947584,940.9874366046369,10.0,0.019062797299739,0.0031058228723076,0.0182968109993453,0.020864884749244,1013.6622082237265,,,,,,,,,,,,,,,,,,,,,,,,,,,,
rq2,,,,,,,,,,,,,,,,,,,,,,,,,,2.0,10.0,insert,sync,0.0188742985046701,0.0208242540002174,0.0019499554955473009,10.331274007692631,False,False,True,10.0,0.0191553685028338,0.0035311530148974,0.0179698327483492,0.0207547622485435,1059.6438640088527,10.0,0.0202338674997008,0.0050315426768419,0.0172094267491047,0.0240427802505109,962.1221330102117,,,,,,,,,,,,,,,,,,,,,,,,,,,,
rq2,,,,,,,,,,,,,,,,,,,,,,,,,,2.0,10.0,read,async,0.0056537594937253,0.0053500635003729,-0.0003036959933524,-5.3715760935612895,False,True,True,10.0,0.0066094725945731,0.002066238749213,0.0053091155059519,0.0071881127514643,3537.5085997206293,10.0,0.0054197264997128,0.0006818619959993,0.004805077500805,0.0060107079989393,3752.8793299818262,,,,,,,,,,,,,,,,,,,,,,,,,,,,
rq2,,,,,,,,,,,,,,,,,,,,,,,,,,2.0,10.0,read,sync,0.0023408924898831,0.0021068585001557,-0.0002340339897274001,-9.997639393472845,False,True,True,10.0,0.0026662414020393,0.0008780029358478,0.0021315805061021,0.002940391015727,8572.13838584329,10.0,0.0021236589005638,0.0002095943209041,0.0019658565015561,0.0022048670002732,9493.907950794946,,,,,,,,,,,,,,,,,,,,,,,,,,,,
rq2,,,,,,,,,,,,,,,,,,,,,,,,,,2.0,100.0,insert,async,0.0694860765070188,0.0685880449996148,-0.0008980315074040013,-1.292390580310418,True,True,True,10.0,0.0698661286995047,0.0048355137827021,0.0661753097592736,0.0742514979865518,2878.9351525996603,15.0,0.0687054180665351,0.0031038606990765,0.0662977439994847,0.0711601325001538,2915.9600627357618,,,,,,,,,,,,,,,,,,,,,,,,,,,,
rq2,,,,,,,,,,,,,,,,,,,,,,,,,,2.0,100.0,insert,sync,0.1067761599988443,0.1013965910005936,-0.005379568998250692,-5.038174250046938,False,True,True,10.0,0.1087858082930324,0.011852094524658,0.0993326002499088,0.1154778484924463,1873.253811403123,15.0,0.1012204657331494,0.010204877641371,0.094465183498869,0.1043650834997151,1972.4529003034147,,,,,,,,,,,,,,,,,,,,,,,,,,,,
rq2,,,,,,,,,,,,,,,,,,,,,,,,,,2.0,100.0,read,async,0.0130407065007602,0.0122072209996986,-0.0008334855010616003,-6.391413693828726,False,True,True,10.0,0.0157540643005631,0.0061963441476746,0.0124885597542743,0.0139308429934317,15340.065419812803,15.0,0.0143303709997629,0.0046354560120493,0.0118719814990981,0.0138800114999639,16383.745326224349,,,,,,,,,,,,,,,,,,,,,,,,,,,,
rq2,,,,,,,,,,,,,,,,,,,,,,,,,,2.0,100.0,read,sync,0.0099140644888393,0.0095302600000195,-0.00038380448881980035,-3.871313216207802,True,True,True,10.0,0.0112974923977162,0.004686298676421,0.0093979869998293,0.0103144515087478,20174.78725989656,15.0,0.0123743885334533,0.006168746932474,0.0087723450005796,0.0112735274998385,20985.78632687772,,,,,,,,,,,,,,,,,,,,,,,,,,,,
rq2,,,,,,,,,,,,,,,,,,,,,,,,,,2.0,1000.0,insert,async,0.611946244011051,0.5810680630002025,-0.030878181010848493,-5.045897627944403,False,True,True,10.0,0.6066464053001255,0.0220440194036285,0.599405278750055,0.6223010882531526,3268.2977298592405,10.0,0.5795618452995768,0.0124743255372496,0.5727671029999328,0.5882982702491972,3441.9886878019424,,,,,,,,,,,,,,,,,,,,,,,,,,,,
rq2,,,,,,,,,,,,,,,,,,,,,,,,,,2.0,1000.0,insert,sync,0.9160505195031874,0.8721312489997217,-0.04391927050346567,-4.794415762930295,True,True,True,10.0,0.9167753519956022,0.0208154702337912,0.9072962172431288,0.921261198745924,2183.28570036129,10.0,0.8740882877998957,0.0147529132480935,0.8681181232500421,0.878199239749847,2293.2421406529675,,,,,,,,,,,,,,,,,,,,,,,,,,,,
rq2,,,,,,,,,,,,,,,,,,,,,,,,,,2.0,1000.0,read,async,0.1015630780166247,0.0964078545002848,-0.005155223516339902,-5.075883497244984,False,True,True,10.0,0.1037985839066095,0.0064748577668724,0.0989633820063318,0.1099292142534977,19694.88671755202,10.0,0.0977131037006984,0.0039563168499496,0.0957323585007543,0.0994257087500045,20745.201176251016,,,,,,,,,,,,,,,,,,,,,,,,,,,,
rq2,,,,,,,,,,,,,,,,,,,,,,,,,,2.0,1000.0,read,sync,0.0984964649978792,0.0950504865004404,-0.003445978497438801,-3.4985808856317826,True,True,True,10.0,0.0989174731977982,0.0013805088358554,0.0981858777377056,0.1000555142381927,20305.414773859386,10.0,0.0978740022999773,0.0071179415158039,0.0928316457498112,0.0985650792499654,21044.392685186194,,,,,,,,,,,,,,,,,,,,,,,,,,,,
rq2,,,,,,,,,,,,,,,,,,,,,,,,,,4.0,10.0,insert,async,0.0273681225080508,0.0256170429993289,-0.0017510795087219005,-6.398244922379278,False,True,True,10.0,0.0291978894005296,0.008246104635983,0.0250719235045835,0.0291473334800684,1461.859686526091,10.0,0.0251732650998747,0.0025339603529896,0.0242719732500518,0.0269750295001358,1561.4750976192763,,,,,,,,,,,,,,,,,,,,,,,,,,,,
rq2,,,,,,,,,,,,,,,,,,,,,,,,,,4.0,10.0,insert,sync,0.0285708709852769,0.0275759795003978,-0.0009948914848791,-3.482188153773072,True,True,True,10.0,0.0299590982933295,0.0035669429545338,0.0273808749916497,0.032107694503793,1401.2074243296238,10.0,0.0279834709001079,0.00350472735382,0.026656411750082,0.0294385269994563,1451.0309888087052,,,,,,,,,,,,,,,,,,,,,,,,,,,,
rq2,,,,,,,,,,,,,,,,,,,,,,,,,,4.0,10.0,read,async,0.0081254190008621,0.0082765624993044,0.000151143498442299,1.8601317473752774,True,True,True,10.0,0.0084460327023407,0.0007969351098395,0.008021898996958,0.0086876002606004,4922.972872005363,10.0,0.0082226708998859,0.0006177004772612,0.007645222749943,0.008687097999882,4837.895244357892,,,,,,,,,,,,,,,,,,,,,,,,,,,,
rq2,,,,,,,,,,,,,,,,,,,,,,,,,,4.0,10.0,read,sync,0.0042905390000669,0.0039125450002757,-0.00037799399979119956,-8.809942055888682,False,True,True,10.0,0.0042774913978064,0.000263883826351,0.004072505988006,0.0044047557457815,9322.92558106755,10.0,0.0039510112997959,0.000235925932308,0.0038027710002097,0.0040106207493408,10223.562937350138,,,,,,,,,,,,,,,,,,,,,,,,,,,,
rq2,,,,,,,,,,,,,,,,,,,,,,,,,,4.0,100.0,insert,async,0.1254151364992139,0.1170674960003452,-0.0083476404988687,-6.6560071869164075,False,True,True,10.0,0.1254938517988194,0.0035692904491522,0.1240206022484926,0.126440940744942,3189.4706679129504,10.0,0.1187506943000698,0.0045793518350312,0.1165279192491652,0.1190458112500891,3416.8392187778286,,,,,,,,,,,,,,,,,,,,,,,,,,,,
rq2,,,,,,,,,,,,,,,,,,,,,,,,,,4.0,100.0,insert,sync,0.1984922335104784,0.1846856715001195,-0.013806562010358903,-6.95571900531315,False,True,True,10.0,0.1992235912039177,0.008542238398258,0.1937628905143356,0.2031552467597066,2016.2090325243444,10.0,0.1853970193002169,0.0071857167516699,0.1800729507504002,0.1890245130007315,2165.8427909414568,,,,,,,,,,,,,,,,,,,,,,,,,,,,
rq2,,,,,,,,,,,,,,,,,,,,,,,,,,4.0,100.0,read,async,0.0236176955077098,0.0215407045006941,-0.0020769910070156973,-8.794215364228405,False,True,True,10.0,0.0283939974033273,0.0080704312384173,0.0233519267421797,0.034538979496574,16936.479063044833,10.0,0.0240014155002427,0.0054824251234805,0.0212892542494955,0.0217402947496339,18569.505898596155,,,,,,,,,,,,,,,,,,,,,,,,,,,,
rq2,,,,,,,,,,,,,,,,,,,,,,,,,,4.0,100.0,read,sync,0.0191275480028707,0.0185072019994549,-0.0006203460034157997,-3.24320714459949,True,True,True,10.0,0.0214119684969773,0.0053023052646695,0.0189487264942727,0.019345089487615,20912.613539252845,10.0,0.0208137354999053,0.0052355728772045,0.0178968485010955,0.0193003902500095,21614.03138320889,,,,,,,,,,,,,,,,,,,,,,,,,,,,
rq2,,,,,,,,,,,,,,,,,,,,,,,,,,4.0,1000.0,insert,async,1.1532835619873367,1.0778336165003566,-0.07544994548698014,-6.542185111609923,False,True,True,10.0,1.1480678071908188,0.0210875960156367,1.1352448777615791,1.1596600257398677,3468.363219039943,10.0,1.0922866627000984,0.0423234482259092,1.067082013500567,1.0906422572506926,3711.159386612037,,,,,,,,,,,,,,,,,,,,,,,,,,,,
rq2,,,,,,,,,,,,,,,,,,,,,,,,,,4.0,1000.0,insert,sync,2.1648113709961763,1.7125530339999386,-0.45225833699623763,-20.891350768733396,False,False,False,10.0,2.163406490799389,0.0503093848437624,2.1362693007322378,2.185050280262658,1847.766003649357,10.0,1.715735649799899,0.0497999582337078,1.6845543454996914,1.7458004800000708,2335.718906103913,,,,,,,,,,,,,,,,,,,,,,,,,,,,
rq2,,,,,,,,,,,,,,,,,,,,,,,,,,4.0,1000.0,read,async,0.2098682839859975,0.1948188329997719,-0.015049450986225593,-7.170902958938616,False,True,True,10.0,0.2097855961997993,0.0087459332661638,0.2033055705178412,0.2161202337374561,19067.739254305496,10.0,0.192223949900108,0.0120313775670333,0.1843848485004855,0.1970295010000882,20531.900267365483,,,,,,,,,,,,,,,,,,,,,,,,,,,,
rq2,,,,,,,,,,,,,,,,,,,,,,,,,,4.0,1000.0,read,sync,0.1966183510085102,0.1846565120004015,-0.011961839008108682,-6.083785641957164,False,True,True,10.0,0.1969048320082947,0.006851266822046,0.1948207342575187,0.2003881782657117,20344.57708833202,10.0,0.1894979413002147,0.0153437426609608,0.1770506509992628,0.1969602747508361,21663.191443301563,,,,,,,,,,,,,,,,,,,,,,,,,,,,
rq2,,,,,,,,,,,,,,,,,,,,,,,,,,8.0,10.0,insert,async,0.0400777464819839,0.0405182510003214,0.0004405045183374992,1.0991249683549913,True,True,True,10.0,0.0418553540977882,0.0071640436868936,0.0386301162361633,0.041711240512086,1996.5615058119,10.0,0.0410827892001179,0.0037610048941054,0.0388049455000327,0.0427708494994476,1974.5451999066784,,,,,,,,,,,,,,,,,,,,,,,,,,,,
rq2,,,,,,,,,,,,,,,,,,,,,,,,,,8.0,10.0,insert,sync,0.0509613604954211,0.0460613714994906,-0.004899988995930499,-9.615106324272416,False,True,True,10.0,0.0498885270004393,0.0048318551296533,0.0497900289919925,0.0525514390101307,1569.830933032904,10.0,0.0470090562999757,0.0054345738302429,0.0448142672498761,0.0475121967501763,1737.5088349803498,,,,,,,,,,,,,,,,,,,,,,,,,,,,
rq2,,,,,,,,,,,,,,,,,,,,,,,,,,8.0,10.0,read,async,0.0148610089963767,0.0136025484998754,-0.0012584604965012996,-8.468203584346986,False,True,True,10.0,0.0166870109038427,0.0049149704049101,0.0145427080133231,0.0168366637371946,5384.1043230829655,10.0,0.0149838851002641,0.0039797294510093,0.0134570372501912,0.0138832327502314,5881.2538488379305,,,,,,,,,,,,,,,,,,,,,,,,,,,,
rq2,,,,,,,,,,,,,,,,,,,,,,,,,,8.0,10.0,read,sync,0.0085047890024725,0.0076153235004312,-0.0008894655020412999,-10.45840763107369,False,False,True,10.0,0.0085121997020905,0.0003123721444914,0.0082950835057999,0.0087366992374882,9406.56274618747,10.0,0.0077071249001164,0.000339604171324,0.0074492569997346,0.0080046839998431,10506.511768369895,,,,,,,,,,,,,,,,,,,,,,,,,,,,
rq2,,,,,,,,,,,,,,,,,,,,,,,,,,8.0,100.0,insert,async,0.2307226365082897,0.2202985575004277,-0.010424079007861992,-4.518013128498323,True,True,True,10.0,0.2311627246032003,0.0053294405959433,0.2277336382612702,0.232572370005073,3467.454890869607,10.0,0.2222578298004009,0.0102044554155908,0.2167012520008029,0.225234943500709,3631.437729234788,,,,,,,,,,,,,,,,,,,,,,,,,,,,
rq2,,,,,,,,,,,,,,,,,,,,,,,,,,8.0,100.0,insert,sync,0.3753101975016761,0.3612996000001658,-0.014010597501510291,-3.733071361975908,True,True,True,10.0,0.3756147139065433,0.0133638551873468,0.364791737498308,0.3865490140233305,2132.069794507948,10.0,0.3685566473999643,0.0262203925364733,0.3541221952505111,0.3687184642499233,2214.2856531123907,,,,,,,,,,,,,,,,,,,,,,,,,,,,
rq2,,,,,,,,,,,,,,,,,,,,,,,,,,8.0,100.0,read,async,0.0571273750101681,0.0425621324993699,-0.014565242510798194,-25.49608223414034,False,False,False,10.0,0.0570371033041737,0.0091381695807554,0.0500470977567601,0.0629129525041207,14017.870943862868,10.0,0.0455779071997312,0.0062507032335916,0.0411928209996403,0.0502325844995539,18802.33800770018,,,,,,,,,,,,,,,,,,,,,,,,,,,,
rq2,,,,,,,,,,,,,,,,,,,,,,,,,,8.0,100.0,read,sync,0.0384522969980025,0.0439644784992196,0.0055121815012171005,14.335116316987369,False,False,True,10.0,0.0421008697012439,0.0073198606535591,0.0372027235134737,0.0476041727379197,20805.407985652048,10.0,0.0432493687996611,0.0077109348980303,0.035717115999887,0.0498077689994715,18465.979853125817,,,,,,,,,,,,,,,,,,,,,,,,,,,,
rq2,,,,,,,,,,,,,,,,,,,,,,,,,,8.0,1000.0,insert,async,2.268898817987065,2.0818977820008517,-0.1870010359862131,-8.241929278808378,False,True,True,10.0,2.2955687667941675,0.0950676034226165,2.252129438995325,2.302390100485354,3526.003183763325,10.0,2.084609230300157,0.0198123480946932,2.074138500248864,2.098941358749016,3842.657826712225,,,,,,,,,,,,,,,,,,,,,,,,,,,,
rq2,,,,,,,,,,,,,,,,,,,,,,,,,,8.0,1000.0,insert,sync,3.7278914810012793,3.4426372959997025,-0.28525418500157684,-7.651890792833917,False,True,True,10.0,3.743310196202947,0.0703902979638356,3.718791416758904,3.761565130749659,2145.985281386321,10.0,3.447719100699942,0.0844924609568128,3.387789699499536,3.516946400000961,2323.94139067322,,,,,,,,,,,,,,,,,,,,,,,,,,,,
rq2,,,,,,,,,,,,,,,,,,,,,,,,,,8.0,1000.0,read,async,0.4657217890053289,0.4261419704998843,-0.03957981850544462,-8.49859711094422,False,True,True,10.0,0.4631964130036067,0.0293163462287607,0.4381618052575504,0.4849593010148965,17180.750078587407,10.0,0.4293321501001628,0.0194710840664016,0.4129344699999819,0.4365224134999153,18773.25065153272,,,,,,,,,,,,,,,,,,,,,,,,,,,,
rq2,,,,,,,,,,,,,,,,,,,,,,,,,,8.0,1000.0,read,sync,0.4007903705060016,0.3779783024992866,-0.02281206800671498,-5.691770482887234,False,True,True,10.0,0.4038854648999404,0.0130325630043378,0.3950303435121896,0.4093382397477398,19961.249209163936,10.0,0.3802453223002885,0.0138365970320781,0.373275298750741,0.3851112632505646,21167.486693213443,,,,,,,,,,,,,,,,,,,,,,,,,,,,
rq3,,,0.0,,-4927.0,-7869.0,3141.925181818182,63.86866691246149,False,False,False,1000.0,-4919.353,223.59070014692517,,,-4383.88,,1100.0,-8061.278181818182,678.2280175173787,,,-7454.89,,2.0,,,,,,,,,,,,,,,,,,,,,,,4919.353,8061.278181818182,-5229.0,5229.0,1000.0,4919.353,-10349.01,10349.01,1100.0,8061.278181818182,,,,,,,,,,,,,,,,,,
rq3,,,25.0,,-1059.0,-5218.0,3152.6871818181817,174.93635146431103,False,False,False,1000.0,-301.039,23669.454680417704,,,-928.97,,1100.0,-4954.8781818181815,825.7599712917635,,,-2324.0,,2.0,,,,,,,,,,,,,,,,,,,,,,,1802.191,4954.8781818181815,-1095.0,1096.01,1000.0,1802.191,-5238.01,5238.01,1100.0,4954.8781818181815,,,,,,,,,,,,,,,,,,
rq3,,,45.0,,-6909.0,-8957.0,2044.844,29.619232735268884,False,False,False,1000.0,-6903.771,21.742384650499822,,,-6819.0,,1000.0,-8948.615,91.96522373907096,,,-8875.98,,2.0,,,,,,,,,,,,,,,,,,,,,,,6903.771,8948.615,-6939.02,6939.02,1000.0,6903.771,-8985.0,8985.0,1000.0,8948.615,,,,,,,,,,,,,,,,,,
rq3,,,0.0,,-1550.25,-2544.0,789.0211363636365,50.16848825307617,False,False,False,1000.0,-1572.7425,153.92367570225088,,,-1244.97,,1100.0,-2360.842727272727,684.8484711102159,,,-41.93500000000006,,3.0,,,,,,,,,,,,,,,,,,,,,,,1572.7425,2361.7636363636366,-1853.015,1853.015,2000.0,2017.9725,-2857.51,2857.51,2200.0,7930.001818181819,,,,,,,,,,,,,,,,,,
rq3,,,25.0,,-1888.5,-1450.0,-438.77499999999986,-23.2551483699931,False,False,False,1000.0,-1886.7865,17.528802773625948,,,-1822.475,,1000.0,-1448.0115,12.460412498373788,,,-1393.485,,3.0,,,,,,,,,,,,,,,,,,,,,,,1886.7865,1448.0115,-1914.005,1914.005,2000.0,1886.9255,-1467.51,1467.51,2000.0,1448.0115,,,,,,,,,,,,,,,,,,
rq3,,,45.0,,-2459.5,-5363.0,2903.279245245245,118.19943512069143,False,False,False,999.0,-2456.2547547547547,20.300878459993047,,,-2380.45,,1000.0,-5359.534,52.82524349541941,,,-5318.495,,3.0,,,,,,,,,,,,,,,,,,,,,,,2456.2547547547547,5359.534,-2488.52,2488.52,1998.0,4696.668168168168,-5389.005,5389.005,2000.0,5803.605,,,,,,,,,,,,,,,,,,
rq4,l2_forward,,1.0,,,,,,,,,1927.0,,,,,,,1924.0,,,,,,,1.0,,,,,,,,,,,,,,,,,,,,,,,,,,,,,,,,,single_switch,latency_l2,cpu_percent_per_bmv2,2.7869745718733783,2.1419438669438677,-0.6450307049295105,-23.14447757935326,False,False,False,20.1,4.776737235792857,0.0,10.0,20.4,4.266481311582045,0.0,10.0
rq4,l2_forward,,1.0,,,,,,,,,1927.0,,,,,,,1924.0,,,,,,,1.0,,,,,,,,,,,,,,,,,,,,,,,,,,,,,,,,,single_switch,latency_l2,cpu_percent_total,7.412869745718734,6.864189189189189,-0.5486805565295443,-7.401729361917252,False,True,True,23.1,1.537938504750996,6.2,9.9,17.2,0.9325128167893508,6.2,8.2
rq4,l2_forward,,1.0,,,,,,,,,1927.0,,,,,,,1924.0,,,,,,,1.0,,,,,,,,,,,,,,,,,,,,,,,,,,,,,,,,,single_switch,latency_l2,net_io_pps_per_iface,104.694762220485,104.96723919807312,0.27247697758811285,0.2602584616547311,True,True,True,5648.569248599765,126.63558563061262,89.94465542757067,110.08684147311766,6123.848708573054,137.55134995248213,89.9600752687847,110.07392873432524
rq4,l2_forward,,1.0,,,,,,,,,1927.0,,,,,,,1924.0,,,,,,,1.0,,,,,,,,,,,,,,,,,,,,,,,,,,,,,,,,,single_switch,latency_l2,rss_per_bmv2_bytes,42159679.501816295,41724495.83367983,-435183.66813646257,-1.0322271736380593,True,True,True,42467328.0,267978.37038815045,41811968.0,42467328.0,41943040.0,163524.05073226726,41549824.0,41943040.0
rq4,l2_forward,,25.0,,,,,,,,,1928.0,,,,,,,1925.0,,,,,,,1.0,,,,,,,,,,,,,,,,,,,,,,,,,,,,,,,,,single_switch,latency_l2,cpu_percent_per_bmv2,21.20850622406639,18.91922077922078,-2.2892854448456106,-10.794185222945309,False,False,True,50.1,5.481287718066148,10.0,30.0,39.9,4.657533009825452,10.0,30.0
rq4,l2_forward,,25.0,,,,,,,,,1928.0,,,,,,,1925.0,,,,,,,1.0,,,,,,,,,,,,,,,,,,,,,,,,,,,,,,,,,single_switch,latency_l2,cpu_percent_total,9.24253112033195,7.907948051948051,-1.3345830683838988,-14.439584254664286,False,False,True,19.3,2.878827066126872,6.5,13.8,18.4,1.6964173442970354,6.5,11.0
rq4,l2_forward,,25.0,,,,,,,,,1928.0,,,,,,,1925.0,,,,,,,1.0,,,,,,,,,,,,,,,,,,,,,,,,,,,,,,,,,single_switch,latency_l2,net_io_pps_per_iface,2180.4479147204984,2184.273186990474,3.8252722699758124,0.17543515917765715,True,True,True,19488.492211822693,400.6635961415438,2158.946423180741,2182.898992467533,15810.77661024604,372.9871512403192,2159.7333766132742,2181.552349046184
rq4,l2_forward,,25.0,,,,,,,,,1928.0,,,,,,,1925.0,,,,,,,1.0,,,,,,,,,,,,,,,,,,,,,,,,,,,,,,,,,single_switch,latency_l2,rss_per_bmv2_bytes,42467328.0,41899190.45818182,-568137.5418181792,-1.3378226711559984,True,True,True,42467328.0,0.0,42467328.0,42467328.0,42205184.0,269377.0367476328,41549824.0,42205184.0
rq4,l2_forward,,45.0,,,,,,,,,1927.0,,,,,,,1927.0,,,,,,,1.0,,,,,,,,,,,,,,,,,,,,,,,,,,,,,,,,,single_switch,latency_l2,cpu_percent_per_bmv2,27.270472236637257,26.092942397509084,-1.177529839128173,-4.317966439709059,True,True,True,69.7,6.950547386134989,20.0,40.0,80.1,7.2720086689519,20.0,40.0
rq4,l2_forward,,45.0,,,,,,,,,1927.0,,,,,,,1927.0,,,,,,,1.0,,,,,,,,,,,,,,,,,,,,,,,,,,,,,,,,,single_switch,latency_l2,cpu_percent_total,13.133004670472236,11.023715620134926,-2.10928905033731,-16.060978452857462,False,False,True,27.7,1.6098962033448352,11.3,15.769999999999982,37.7,2.439558694341242,7.2,14.269999999999982
rq4,l2_forward,,45.0,,,,,,,,,1927.0,,,,,,,1927.0,,,,,,,1.0,,,,,,,,,,,,,,,,,,,,,,,,,,,,,,,,,single_switch,latency_l2,net_io_pps_per_iface,3914.251220682511,3905.380673286752,-8.870547395758877,-0.22662182102384726,True,True,True,23813.352328715475,525.4815585620753,3884.843760614388,3912.109969426902,21561.9474848193,421.9268748628605,3870.1440047841866,3931.32737519697
rq4,l2_forward,,45.0,,,,,,,,,1927.0,,,,,,,1927.0,,,,,,,1.0,,,,,,,,,,,,,,,,,,,,,,,,,,,,,,,,,single_switch,latency_l2,rss_per_bmv2_bytes,42510995.9937727,42162128.1743643,-348867.81940840185,-0.8206531304500755,True,True,True,42729472.0,163478.53543123452,42336256.0,42729472.0,42467328.0,432402.76922822726,41549824.0,42467328.0
rq4,l3_lpm,,0.0,,,,,,,,,146.0,,,,,,,140.0,,,,,,,1.0,,,,,,,,,,,,,,,,,,,,,,,,,,,,,,,,,linear_n,control_plane,cpu_percent_per_bmv2,16.16917808219178,16.739285714285714,0.5701076320939329,3.52589123080926,True,True,True,40.9,14.480843779323475,0.0,39.975,40.7,15.220549798767877,0.0,40.0
rq4,l3_lpm,,0.0,,,,,,,,,146.0,,,,,,,140.0,,,,,,,1.0,,,,,,,,,,,,,,,,,,,,,,,,,,,,,,,,,linear_n,control_plane,cpu_percent_total,4.258904109589041,4.286428571428571,0.027524461839529835,0.6462803841382045,True,True,True,8.5,3.063481707151515,0.4,7.5,9.1,3.2628982728160785,0.5,8.004999999999999
rq4,l3_lpm,,0.0,,,,,,,,,146.0,,,,,,,140.0,,,,,,,1.0,,,,,,,,,,,,,,,,,,,,,,,,,,,,,,,,,linear_n,control_plane,net_io_pps_per_iface,0.0,0.0,0.0,,False,False,False,0.0,0.0,0.0,0.0,0.0,0.0,0.0,0.0
rq4,l3_lpm,,0.0,,,,,,,,,146.0,,,,,,,140.0,,,,,,,1.0,,,,,,,,,,,,,,,,,,,,,,,,,,,,,,,,,linear_n,control_plane,rss_per_bmv2_bytes,42093862.57534247,41991723.885714285,-102138.68962818384,-0.24264508738148952,True,True,True,43384832.0,383712.9365250276,41549824.0,42696704.0,42860544.0,298452.6798616343,41549824.0,42473881.6
rq4,l3_lpm,,0.0,,,,,,,,,448.0,,,,,,,440.0,,,,,,,2.0,,,,,,,,,,,,,,,,,,,,,,,,,,,,,,,,,linear_n,control_plane,cpu_percent_per_bmv2,24.081473214285715,24.086136363636363,0.004663149350648155,0.019364053474443838,True,True,True,67.6,17.531037112912472,0.0,51.26499999999999,166.6,19.653702719752246,0.0,51.7
rq4,l3_lpm,,0.0,,,,,,,,,448.0,,,,,,,440.0,,,,,,,2.0,,,,,,,,,,,,,,,,,,,,,,,,,,,,,,,,,linear_n,control_plane,cpu_percent_total,6.225669642857143,6.004545454545453,-0.22112418831169034,-3.5518137163829646,True,True,True,12.5,3.656679952553611,0.5,11.064999999999998,13.4,4.021330061671084,0.6,11.904999999999996
rq4,l3_lpm,,0.0,,,,,,,,,448.0,,,,,,,440.0,,,,,,,2.0,,,,,,,,,,,,,,,,,,,,,,,,,,,,,,,,,linear_n,control_plane,net_io_pps_per_iface,0.0,0.0,0.0,,False,False,False,0.0,0.0,0.0,0.0,0.0,0.0,0.0,0.0
rq4,l3_lpm,,0.0,,,,,,,,,448.0,,,,,,,440.0,,,,,,,2.0,,,,,,,,,,,,,,,,,,,,,,,,,,,,,,,,,linear_n,control_plane,rss_per_bmv2_bytes,84242432.0,84249804.8,7372.79999999702,0.0087518840861539,True,True,True,86900736.0,627484.3128377962,83361792.0,85065728.0,87162880.0,678471.5448990744,83230720.0,85196800.0
rq4,l3_lpm,,0.0,,,,,,,,,825.0,,,,,,,743.0,,,,,,,4.0,,,,,,,,,,,,,,,,,,,,,,,,,,,,,,,,,linear_n,control_plane,cpu_percent_per_bmv2,30.063030303030303,30.93324360699865,0.8702133039683488,2.8946293676876373,True,True,True,154.9,18.990920237990867,0.0,61.4,145.7,20.326925993060737,0.0,66.19
rq4,l3_lpm,,0.0,,,,,,,,,825.0,,,,,,,743.0,,,,,,,4.0,,,,,,,,,,,,,,,,,,,,,,,,,,,,,,,,,linear_n,control_plane,cpu_percent_total,7.422424242424243,7.335531628532975,-0.08689261389126823,-1.170677005965482,True,True,True,16.5,3.5416960090853102,0.7,12.7,15.2,3.5558618634099486,0.7,12.6
rq4,l3_lpm,,0.0,,,,,,,,,825.0,,,,,,,743.0,,,,,,,4.0,,,,,,,,,,,,,,,,,,,,,,,,,,,,,,,,,linear_n,control_plane,net_io_pps_per_iface,0.0,0.0,0.0,,False,False,False,0.0,0.0,0.0,0.0,0.0,0.0,0.0,0.0
rq4,l3_lpm,,0.0,,,,,,,,,825.0,,,,,,,743.0,,,,,,,4.0,,,,,,,,,,,,,,,,,,,,,,,,,,,,,,,,,linear_n,control_plane,rss_per_bmv2_bytes,168364446.56484848,168127271.6231494,-237174.94169908762,-0.14086996782170136,True,True,True,173146112.0,1177400.8698328456,166854656.0,170262528.0,173539328.0,1232697.5943086825,166461440.0,170249420.8
rq4,l3_lpm,,1.0,,,,,,,,,601.0,,,,,,,601.0,,,,,,,4.0,,,,,,,,,,,,,,,,,,,,,,,,,,,,,,,,,linear_n,resource_only,cpu_percent_per_bmv2,7.870216306156406,5.942595673876872,-1.9276206322795337,-24.492600422832975,False,False,False,40.0,8.764749176091712,0.0,20.0,40.0,7.359989758909173,0.0,20.0
rq4,l3_lpm,,1.0,,,,,,,,,601.0,,,,,,,601.0,,,,,,,4.0,,,,,,,,,,,,,,,,,,,,,,,,,,,,,,,,,linear_n,resource_only,cpu_percent_total,8.095341098169717,7.00782029950083,-1.087520798668887,-13.433909522537174,False,False,True,25.1,1.408277289856224,6.9,9.9,21.7,0.8803912431341213,6.3,8.1
rq4,l3_lpm,,1.0,,,,,,,,,601.0,,,,,,,601.0,,,,,,,4.0,,,,,,,,,,,,,,,,,,,,,,,,,,,,,,,,,linear_n,resource_only,net_io_pps_per_iface,363.4620049004904,344.77632834439726,-18.685676556093142,-5.141026105661019,False,True,True,11253.848558269816,445.3451618270234,319.85802140904593,360.32276994727215,408.4336775786946,24.05938894895089,319.8287540863774,360.2954134160739
rq4,l3_lpm,,1.0,,,,,,,,,601.0,,,,,,,601.0,,,,,,,4.0,,,,,,,,,,,,,,,,,,,,,,,,,,,,,,,,,linear_n,resource_only,rss_per_bmv2_bytes,168820736.0,168558592.0,-262144.0,-0.15527950310559005,True,True,True,168820736.0,0.0,168820736.0,168820736.0,168558592.0,0.0,168558592.0,168558592.0
rq4,l3_lpm,,45.0,,,,,,,,,600.0,,,,,,,601.0,,,,,,,4.0,,,,,,,,,,,,,,,,,,,,,,,,,,,,,,,,,linear_n,resource_only,cpu_percent_per_bmv2,153.6155,164.63677204658904,11.021272046589047,7.174583324331885,False,True,True,290.0,16.978986612692466,130.0,180.0,210.3,24.387625869751048,149.7,190.0
rq4,l3_lpm,,45.0,,,,,,,,,600.0,,,,,,,601.0,,,,,,,4.0,,,,,,,,,,,,,,,,,,,,,,,,,,,,,,,,,linear_n,resource_only,cpu_percent_total,19.373,18.63128119800333,-0.7417188019966723,-3.8286212873415177,True,True,True,28.9,1.523112203562518,17.7,21.6,25.0,2.515045365222908,13.9,21.9
rq4,l3_lpm,,45.0,,,,,,,,,600.0,,,,,,,601.0,,,,,,,4.0,,,,,,,,,,,,,,,,,,,,,,,,,,,,,,,,,linear_n,resource_only,net_io_pps_per_iface,15639.08649383598,15390.934368747055,-248.15212508892364,-1.5867430951720283,True,True,True,75805.66733419073,2460.641311980823,15497.370642364507,15581.01404789092,46078.171567753394,1951.149051020058,15480.425602230922,15596.834778147851
rq4,l3_lpm,,45.0,,,,,,,,,600.0,,,,,,,601.0,,,,,,,4.0,,,,,,,,,,,,,,,,,,,,,,,,,,,,,,,,,linear_n,resource_only,rss_per_bmv2_bytes,171002866.34666666,171892531.5407654,889665.1940987408,0.5202633225428873,True,True,True,171180032.0,108280.70465464905,170917888.0,171180032.0,172097536.0,668291.2082574997,169607168.0,172097536.0
rq4,l3_lpm,,0.0,,,,,,,,,1502.0,,,,,,,1394.0,,,,,,,8.0,,,,,,,,,,,,,,,,,,,,,,,,,,,,,,,,,linear_n,control_plane,cpu_percent_per_bmv2,33.584021304926765,35.2538737446198,1.669852439693038,4.972163471823642,True,True,True,171.29999999999998,22.07840091921165,0.0,73.09,1615.1,49.76633342560712,0.0,74.6
rq4,l3_lpm,,0.0,,,,,,,,,1502.0,,,,,,,1394.0,,,,,,,8.0,,,,,,,,,,,,,,,,,,,,,,,,,,,,,,,,,linear_n,control_plane,cpu_percent_total,8.37143808255659,8.145695839311333,-0.22574224324525716,-2.6965766337761257,True,True,True,50.0,3.9119919063537862,1.0,14.2,33.3,3.500564940052282,1.0,13.534999999999991
rq4,l3_lpm,,0.0,,,,,,,,,1502.0,,,,,,,1394.0,,,,,,,8.0,,,,,,,,,,,,,,,,,,,,,,,,,,,,,,,,,linear_n,control_plane,net_io_pps_per_iface,0.0,0.0,0.0,,False,False,False,0.0,0.0,0.0,0.0,0.0,0.0,0.0,0.0
rq4,l3_lpm,,0.0,,,,,,,,,1502.0,,,,,,,1394.0,,,,,,,8.0,,,,,,,,,,,,,,,,,,,,,,,,,,,,,,,,,linear_n,control_plane,rss_per_bmv2_bytes,335822608.0213049,336988086.54232424,1165478.5210193396,0.3470518342664412,True,True,True,344850432.0,2193009.331886973,332922880.0,339214336.0,346292224.0,2414986.7212569625,333709312.0,341704704.0
rq4,l3_lpm,,1.0,,,,,,,,,601.0,,,,,,,601.0,,,,,,,8.0,,,,,,,,,,,,,,,,,,,,,,,,,,,,,,,,,linear_n,resource_only,cpu_percent_per_bmv2,12.844592346089849,11.997337770382694,-0.8472545757071543,-6.596196694129227,False,True,True,60.0,11.046975824867546,0.0,30.0,48.1,10.5179921832728,0.0,30.0
rq4,l3_lpm,,1.0,,,,,,,,,601.0,,,,,,,601.0,,,,,,,8.0,,,,,,,,,,,,,,,,,,,,,,,,,,,,,,,,,linear_n,resource_only,cpu_percent_total,7.925623960066556,7.283194675540765,-0.6424292845257913,-8.105725022568398,False,True,True,13.2,0.8983553408080187,6.9,9.3,11.2,0.82917656565913,6.3,8.7
rq4,l3_lpm,,1.0,,,,,,,,,601.0,,,,,,,601.0,,,,,,,8.0,,,,,,,,,,,,,,,,,,,,,,,,,,,,,,,,,linear_n,resource_only,net_io_pps_per_iface,689.5540481061256,689.4936262264115,-0.06042187971411295,-0.008762457399831511,True,True,True,751.8348501881917,45.476235601368046,639.7166822558116,720.5548414767584,795.4406710060963,45.390852620275446,639.5994636294399,720.6462611530563
rq4,l3_lpm,,1.0,,,,,,,,,601.0,,,,,,,601.0,,,,,,,8.0,,,,,,,,,,,,,,,,,,,,,,,,,,,,,,,,,linear_n,resource_only,rss_per_bmv2_bytes,337510400.0,338034688.0,524288.0,0.1553398058252427,True,True,True,337510400.0,0.0,337510400.0,337510400.0,338034688.0,0.0,338034688.0,338034688.0
rq4,l3_lpm,,45.0,,,,,,,,,601.0,,,,,,,601.0,,,,,,,8.0,,,,,,,,,,,,,,,,,,,,,,,,,,,,,,,,,linear_n,resource_only,cpu_percent_per_bmv2,694.0722129783694,641.5396006655575,-52.53261231281192,-7.568753125468962,False,True,True,829.2,27.097698117390543,658.5,740.2,1546.5,58.99158298017551,531.6,698.4
rq4,l3_lpm,,45.0,,,,,,,,,601.0,,,,,,,601.0,,,,,,,8.0,,,,,,,,,,,,,,,,,,,,,,,,,,,,,,,,,linear_n,resource_only,cpu_percent_total,51.258402662229614,44.23926788685524,-7.019134775374376,-13.693627602146314,False,False,True,66.4,3.2715083337190047,47.7,56.9,55.2,3.740395094521036,38.1,49.7
rq4,l3_lpm,,45.0,,,,,,,,,601.0,,,,,,,601.0,,,,,,,8.0,,,,,,,,,,,,,,,,,,,,,,,,,,,,,,,,,linear_n,resource_only,net_io_pps_per_iface,31349.512625614097,31365.837370611207,16.32474499710952,0.052073361369488716,True,True,True,197059.26416059915,6775.255837227041,30850.73301396984,31326.36050562785,204632.6845448725,7080.743558578653,30871.4957239014,31275.406894131946
rq4,l3_lpm,,45.0,,,,,,,,,601.0,,,,,,,601.0,,,,,,,8.0,,,,,,,,,,,,,,,,,,,,,,,,,,,,,,,,,linear_n,resource_only,rss_per_bmv2_bytes,342778578.42262894,341234284.19301164,-1544294.2296172976,-0.4505223858281073,True,True,True,343277568.0,724019.2861381809,340787200.0,343277568.0,341311488.0,119590.48364008464,341049344.0,341311488.0
rq4,l3_lpm,,0.0,,,,,,,,,655.0,,,,,,,753.0,,,,,,,1.0,,,,,,,,,,,,,,,,,,,,,,,,,,,,,,,,,single_switch,latency_l3,cpu_percent_per_bmv2,1.7250381679389315,1.4204515272244356,-0.3045866407144959,-17.656805882644022,False,False,True,10.1,3.780876832683557,0.0,10.0,20.1,3.605386234820762,0.0,10.0
rq4,l3_lpm,,0.0,,,,,,,,,655.0,,,,,,,753.0,,,,,,,1.0,,,,,,,,,,,,,,,,,,,,,,,,,,,,,,,,,single_switch,latency_l3,cpu_percent_total,0.9725190839694656,0.6794156706507303,-0.29310341331873535,-30.138577036698848,False,False,False,7.5,0.9004291735059946,0.0,2.5,7.4,0.9633654874244184,0.0,2.1399999999999864
rq4,l3_lpm,,0.0,,,,,,,,,655.0,,,,,,,753.0,,,,,,,1.0,,,,,,,,,,,,,,,,,,,,,,,,,,,,,,,,,single_switch,latency_l3,net_io_pps_per_iface,16.29022925455351,15.65890873352603,-0.6313205210274795,-3.8754551035616047,True,True,True,40.02416017884524,6.960728246247235,0.0,29.95576067159136,39.989220505734416,7.817824895616893,0.0,30.00116698569458
rq4,l3_lpm,,0.0,,,,,,,,,655.0,,,,,,,753.0,,,,,,,1.0,,,,,,,,,,,,,,,,,,,,,,,,,,,,,,,,,single_switch,latency_l3,rss_per_bmv2_bytes,42205184.0,41584289.14741036,-620894.852589637,-1.4711340971517552,True,True,True,42205184.0,0.0,42205184.0,42205184.0,41811968.0,88642.08953702642,41549824.0,41811968.0
rq4,l3_lpm,,1.0,,,,,,,,,1931.0,,,,,,,2029.0,,,,,,,1.0,,,,,,,,,,,,,,,,,,,,,,,,,,,,,,,,,single_switch,latency_l3,cpu_percent_per_bmv2,3.0400828586224757,2.493888615081321,-0.5461942435411546,-17.966426210785798,False,False,True,20.2,4.948870054040997,0.0,10.0,20.0,4.560775448509748,0.0,10.0
rq4,l3_lpm,,1.0,,,,,,,,,1931.0,,,,,,,2029.0,,,,,,,1.0,,,,,,,,,,,,,,,,,,,,,,,,,,,,,,,,,single_switch,latency_l3,cpu_percent_total,7.391248058001036,7.030409068506653,-0.36083898949438264,-4.88197644921109,True,True,True,14.6,1.0899451172616903,6.3,8.8,15.5,1.0428572116744412,6.2,8.7
rq4,l3_lpm,,1.0,,,,,,,,,1931.0,,,,,,,2029.0,,,,,,,1.0,,,,,,,,,,,,,,,,,,,,,,,,,,,,,,,,,single_switch,latency_l3,net_io_pps_per_iface,102.76077827048783,107.37586070223269,4.615082431744852,4.491093303708728,True,True,True,130.08237073786495,9.432981638442325,89.95472040739625,110.54543280504387,6124.9739661472895,157.45173030407014,89.93984930805334,111.95989340694364
rq4,l3_lpm,,1.0,,,,,,,,,1931.0,,,,,,,2029.0,,,,,,,1.0,,,,,,,,,,,,,,,,,,,,,,,,,,,,,,,,,single_switch,latency_l3,rss_per_bmv2_bytes,42379901.41481098,41658480.039428286,-721421.3753826916,-1.7022724246606398,True,True,True,42467328.0,123623.87079469142,42205184.0,42467328.0,42074112.0,111806.87605519316,41549824.0,41680896.0
rq4,l3_lpm,,1.0,,,,,,,,,601.0,,,,,,,601.0,,,,,,,1.0,,,,,,,,,,,,,,,,,,,,,,,,,,,,,,,,,single_switch,resource_only,cpu_percent_per_bmv2,3.128452579034942,1.9467554076539104,-1.1816971713810316,-37.77257738538453,False,False,False,20.0,4.85144711416063,0.0,10.0,20.0,4.286135822440559,0.0,10.0
rq4,l3_lpm,,1.0,,,,,,,,,601.0,,,,,,,601.0,,,,,,,1.0,,,,,,,,,,,,,,,,,,,,,,,,,,,,,,,,,single_switch,resource_only,cpu_percent_total,6.715806988352745,6.899168053244591,0.18336106489184623,2.7302908676477773,True,True,True,8.7,0.5380827594503919,6.2,7.5,9.9,0.6791288341527725,6.3,8.0
rq4,l3_lpm,,1.0,,,,,,,,,601.0,,,,,,,601.0,,,,,,,1.0,,,,,,,,,,,,,,,,,,,,,,,,,,,,,,,,,single_switch,resource_only,net_io_pps_per_iface,86.17307614879606,97.082801453951,10.90972530515495,12.660248180437472,False,False,True,91.58984583758406,5.972278280093903,79.91987471003537,90.10081379200336,6556.861075030701,263.9829563666488,79.95594107847316,90.06680705463222
rq4,l3_lpm,,1.0,,,,,,,,,601.0,,,,,,,601.0,,,,,,,1.0,,,,,,,,,,,,,,,,,,,,,,,,,,,,,,,,,single_switch,resource_only,rss_per_bmv2_bytes,42074112.0,42074112.0,0.0,0.0,True,True,True,42074112.0,0.0,42074112.0,42074112.0,42074112.0,0.0,42074112.0,42074112.0
rq4,l3_lpm,,25.0,,,,,,,,,1933.0,,,,,,,2028.0,,,,,,,1.0,,,,,,,,,,,,,,,,,,,,,,,,,,,,,,,,,single_switch,latency_l3,cpu_percent_per_bmv2,24.941179513709265,22.884368836291912,-2.056810677417353,-8.246645577795542,False,True,True,60.0,6.521566472086998,20.0,30.1,59.9,5.404117566812381,20.0,30.0
rq4,l3_lpm,,25.0,,,,,,,,,1933.0,,,,,,,2028.0,,,,,,,1.0,,,,,,,,,,,,,,,,,,,,,,,,,,,,,,,,,single_switch,latency_l3,cpu_percent_total,11.748266942576306,11.254437869822484,-0.4938290727538224,-4.203420599545293,True,True,True,34.4,3.143896012893064,6.5,15.8,22.5,3.414777519145973,6.5,15.8
rq4,l3_lpm,,25.0,,,,,,,,,1933.0,,,,,,,2028.0,,,,,,,1.0,,,,,,,,,,,,,,,,,,,,,,,,,,,,,,,,,single_switch,latency_l3,net_io_pps_per_iface,2181.649742879727,2190.752644046945,9.102901167218079,0.4172485155753031,True,True,True,14558.86776455979,295.1139330236292,2158.772962258715,2190.3521917560474,15559.237924595369,455.9602556697303,2159.586505303407,2189.547670179913
rq4,l3_lpm,,25.0,,,,,,,,,1933.0,,,,,,,2028.0,,,,,,,1.0,,,,,,,,,,,,,,,,,,,,,,,,,,,,,,,,,single_switch,latency_l3,rss_per_bmv2_bytes,42686007.35851008,42371673.87771203,-314333.4807980433,-0.7363852940333065,True,True,True,43122688.0,309099.4493612816,42467328.0,43122688.0,42729472.0,265483.9264530608,42074112.0,42729472.0
rq4,l3_lpm,,45.0,,,,,,,,,1931.0,,,,,,,2030.0,,,,,,,1.0,,,,,,,,,,,,,,,,,,,,,,,,,,,,,,,,,single_switch,latency_l3,cpu_percent_per_bmv2,34.51066804764371,33.112364532019704,-1.3983035156240078,-4.05180077561402,True,True,True,60.0,6.014931345174262,30.0,40.0,60.1,6.007035453409168,20.0,40.0
rq4,l3_lpm,,45.0,,,,,,,,,1931.0,,,,,,,2030.0,,,,,,,1.0,,,,,,,,,,,,,,,,,,,,,,,,,,,,,,,,,single_switch,latency_l3,cpu_percent_total,10.85624029000518,10.13192118226601,-0.72431910773917,-6.671914847039779,False,True,True,22.0,4.142138587115753,6.65,17.6,22.7,2.786663966252981,6.6,14.0
rq4,l3_lpm,,45.0,,,,,,,,,1931.0,,,,,,,2030.0,,,,,,,1.0,,,,,,,,,,,,,,,,,,,,,,,,,,,,,,,,,single_switch,latency_l3,net_io_pps_per_iface,3932.670444241569,3906.226471930303,-26.443972311265952,-0.6724177041070569,True,True,True,25019.39244719519,798.4182870095295,3887.6441853043702,3914.146921372978,26146.18329331725,516.306350587898,3883.2593301863326,3913.486162822683
rq4,l3_lpm,,45.0,,,,,,,,,1931.0,,,,,,,2030.0,,,,,,,1.0,,,,,,,,,,,,,,,,,,,,,,,,,,,,,,,,,single_switch,latency_l3,rss_per_bmv2_bytes,42642045.41481098,42347426.17536946,-294619.23944152147,-0.6909125408397754,True,True,True,42729472.0,61787.91676990017,42598400.0,42729472.0,42860544.0,357569.9939724826,42074112.0,42860544.0
rq4,l3_lpm,,45.0,,,,,,,,,601.0,,,,,,,601.0,,,,,,,1.0,,,,,,,,,,,,,,,,,,,,,,,,,,,,,,,,,single_switch,resource_only,cpu_percent_per_bmv2,34.89134775374376,31.42995008319468,-3.461397670549079,-9.920504346747911,False,True,True,70.0,7.349781743734466,20.0,49.9,50.0,5.93793186478571,20.0,40.0
rq4,l3_lpm,,45.0,,,,,,,,,601.0,,,,,,,601.0,,,,,,,1.0,,,,,,,,,,,,,,,,,,,,,,,,,,,,,,,,,single_switch,resource_only,cpu_percent_total,7.570216306156405,7.634109816971713,0.06389351081530759,0.8440116930786615,True,True,True,15.3,1.20497363171717,6.4,9.9,13.1,1.2716070860346234,6.4,10.1
rq4,l3_lpm,,45.0,,,,,,,,,601.0,,,,,,,601.0,,,,,,,1.0,,,,,,,,,,,,,,,,,,,,,,,,,,,,,,,,,single_switch,resource_only,net_io_pps_per_iface,3878.2563800759663,3878.196583197813,-0.059796878153065336,-0.0015418495399186077,True,True,True,3931.131419128273,160.19029619338932,3845.005812465057,3921.608761851052,3958.706927947801,159.95824081576703,3848.303052297903,3920.105450812429
rq4,l3_lpm,,45.0,,,,,,,,,601.0,,,,,,,601.0,,,,,,,1.0,,,,,,,,,,,,,,,,,,,,,,,,,,,,,,,,,single_switch,resource_only,rss_per_bmv2_bytes,43384832.0,42616065.277870215,-768766.7221297845,-1.7719711859891136,True,True,True,43384832.0,0.0,43384832.0,43384832.0,42729472.0,44796.20736406516,42598400.0,42729472.0
rq4,l3_lpm_acl,,1.0,,,,,,,,,601.0,,,,,,,600.0,,,,,,,4.0,,,,,,,,,,,,,,,,,,,,,,,,,,,,,,,,,linear_n,resource_only,cpu_percent_per_bmv2,8.61846921797005,6.55,-2.0684692179700503,-24.000424735023266,False,False,False,50.0,8.578592055390027,0.0,20.0,30.0,7.617171533468562,0.0,20.0
rq4,l3_lpm_acl,,1.0,,,,,,,,,601.0,,,,,,,600.0,,,,,,,4.0,,,,,,,,,,,,,,,,,,,,,,,,,,,,,,,,,linear_n,resource_only,cpu_percent_total,7.698668885191348,7.11,-0.588668885191348,-7.646372301108736,False,True,True,16.3,1.058110686639283,6.8,9.2,11.0,0.7523585619079023,6.3,8.7
rq4,l3_lpm_acl,,1.0,,,,,,,,,601.0,,,,,,,600.0,,,,,,,4.0,,,,,,,,,,,,,,,,,,,,,,,,,,,,,,,,,linear_n,resource_only,net_io_pps_per_iface,355.5735286221328,344.7387269885675,-10.834801633565291,-3.0471339291062387,True,True,True,6507.324084630704,251.97098955957296,319.7808637294605,360.3695048745959,389.93114205762,22.794993901546896,319.7817086917998,360.3149922312942
rq4,l3_lpm_acl,,1.0,,,,,,,,,601.0,,,,,,,600.0,,,,,,,4.0,,,,,,,,,,,,,,,,,,,,,,,,,,,,,,,,,linear_n,resource_only,rss_per_bmv2_bytes,171040768.0,171401216.0,360448.0,0.21073806216772833,True,True,True,171040768.0,0.0,171040768.0,171040768.0,171401216.0,0.0,171401216.0,171401216.0
rq4,l3_lpm_acl,,1.0,,,,,,,,,1934.0,,,,,,,1929.0,,,,,,,1.0,,,,,,,,,,,,,,,,,,,,,,,,,,,,,,,,,single_switch,latency_l3,cpu_percent_per_bmv2,3.1336608066184075,2.587247278382581,-0.5464135282358265,-17.43690724541025,False,False,True,20.5,4.911477034863156,0.0,10.0,20.4,4.788835904156012,0.0,10.0
rq4,l3_lpm_acl,,1.0,,,,,,,,,1934.0,,,,,,,1929.0,,,,,,,1.0,,,,,,,,,,,,,,,,,,,,,,,,,,,,,,,,,single_switch,latency_l3,cpu_percent_total,7.197621509824199,7.190876101607051,-0.0067454082171476415,-0.0937171843218024,True,True,True,20.0,1.1082414911765537,6.3,8.8,16.0,0.9825657145963048,6.3,8.7
rq4,l3_lpm_acl,,1.0,,,,,,,,,1934.0,,,,,,,1929.0,,,,,,,1.0,,,,,,,,,,,,,,,,,,,,,,,,,,,,,,,,,single_switch,latency_l3,net_io_pps_per_iface,102.73099934777012,105.45016387718522,2.719164529415096,2.646878300297697,True,True,True,130.10233716481585,9.407636031796113,89.94413573919608,110.28076545497352,5160.597808104437,115.51678929320974,89.95941193238218,110.60095656117544
rq4,l3_lpm_acl,,1.0,,,,,,,,,1934.0,,,,,,,1929.0,,,,,,,1.0,,,,,,,,,,,,,,,,,,,,,,,,,,,,,,,,,single_switch,latency_l3,rss_per_bmv2_bytes,42904189.48500517,42547882.66666666,-356306.8183385134,-0.8304709228058977,True,True,True,42991616.0,61787.91682130861,42860544.0,42991616.0,42598400.0,57586.034169823,42467328.0,42598400.0
rq4,l3_lpm_acl,,25.0,,,,,,,,,1933.0,,,,,,,1930.0,,,,,,,1.0,,,,,,,,,,,,,,,,,,,,,,,,,,,,,,,,,single_switch,latency_l3,cpu_percent_per_bmv2,28.30346611484739,25.90626943005181,-2.3971966847955777,-8.469622324942243,False,True,True,50.2,6.4837664293421495,20.0,40.0,40.9,5.87084484122727,20.0,30.1
rq4,l3_lpm_acl,,25.0,,,,,,,,,1933.0,,,,,,,1930.0,,,,,,,1.0,,,,,,,,,,,,,,,,,,,,,,,,,,,,,,,,,single_switch,latency_l3,cpu_percent_total,13.73357475426798,9.94559585492228,-3.787978899345701,-27.581885758975545,False,False,False,25.2,1.4087626904618362,12.2,16.1,22.5,3.0551936391180567,6.5,14.754999999999995
rq4,l3_lpm_acl,,25.0,,,,,,,,,1933.0,,,,,,,1930.0,,,,,,,1.0,,,,,,,,,,,,,,,,,,,,,,,,,,,,,,,,,single_switch,latency_l3,net_io_pps_per_iface,2181.5330565236723,2177.3191031821766,-4.213953341495653,-0.19316477139295307,True,True,True,19693.054077026256,404.72343661891256,2159.236744469049,2189.971889241945,11499.738427132615,223.7245711657702,2159.6577557986984,2189.772115894113
rq4,l3_lpm_acl,,25.0,,,,,,,,,1933.0,,,,,,,1930.0,,,,,,,1.0,,,,,,,,,,,,,,,,,,,,,,,,,,,,,,,,,single_switch,latency_l3,rss_per_bmv2_bytes,43051473.11743404,43111703.079792745,60229.9623587057,0.13990221006935785,True,True,True,43249664.0,162836.36151912744,42860544.0,43249664.0,43352064.0,169938.82523510652,42991616.0,43352064.0
rq4,l3_lpm_acl,,45.0,,,,,,,,,1931.0,,,,,,,1931.0,,,,,,,1.0,,,,,,,,,,,,,,,,,,,,,,,,,,,,,,,,,single_switch,latency_l3,cpu_percent_per_bmv2,40.56426721905749,38.22853443811496,-2.3357327809425286,-5.758104216030749,False,True,True,70.1,6.853543179481175,30.0,50.0,60.1,6.20539535226874,30.0,50.0
rq4,l3_lpm_acl,,45.0,,,,,,,,,1931.0,,,,,,,1931.0,,,,,,,1.0,,,,,,,,,,,,,,,,,,,,,,,,,,,,,,,,,single_switch,latency_l3,cpu_percent_total,14.552304505437595,12.139461418953909,-2.4128430864836865,-16.580487891674522,False,False,True,35.2,3.7936883255446103,8.5,19.7,23.7,3.290418893901645,7.2,17.35
rq4,l3_lpm_acl,,45.0,,,,,,,,,1931.0,,,,,,,1931.0,,,,,,,1.0,,,,,,,,,,,,,,,,,,,,,,,,,,,,,,,,,single_switch,latency_l3,net_io_pps_per_iface,3924.2246428516655,3921.264563437596,-2.960079414069696,-0.07543093689760477,True,True,True,20120.52106339169,583.9100180590517,3888.039087571203,3914.741046514441,25571.523679718925,690.4147378013001,3870.774948843794,3930.821876050546
rq4,l3_lpm_acl,,45.0,,,,,,,,,1931.0,,,,,,,1931.0,,,,,,,1.0,,,,,,,,,,,,,,,,,,,,,,,,,,,,,,,,,single_switch,latency_l3,rss_per_bmv2_bytes,43500733.31538063,43132831.48627654,-367901.8291040957,-0.8457370739863275,True,True,True,43884544.0,309771.46579765284,43122688.0,43884544.0,43237376.0,69998.79244270937,43094016.0,43237376.0
rq4,l3_lpm_int,,1.0,,,,,,,,,601.0,,,,,,,601.0,,,,,,,4.0,,,,,,,,,,,,,,,,,,,,,,,,,,,,,,,,,linear_n,resource_only,cpu_percent_per_bmv2,8.30648918469218,6.396838602329451,-1.9096505823627297,-22.989864188133495,False,False,False,40.0,8.224735526870525,0.0,20.0,40.0,7.493037211676853,0.0,20.0
rq4,l3_lpm_int,,1.0,,,,,,,,,601.0,,,,,,,601.0,,,,,,,4.0,,,,,,,,,,,,,,,,,,,,,,,,,,,,,,,,,linear_n,resource_only,cpu_percent_total,7.476372712146423,7.050249584026622,-0.42612312811980146,-5.699597178020623,False,True,True,19.3,1.0804200514248143,6.3,9.3,11.0,0.7657485037121043,6.3,8.6
rq4,l3_lpm_int,,1.0,,,,,,,,,601.0,,,,,,,601.0,,,,,,,4.0,,,,,,,,,,,,,,,,,,,,,,,,,,,,,,,,,linear_n,resource_only,net_io_pps_per_iface,344.767251431428,344.7304290511417,-0.03682238028630991,-0.01068035903451626,True,True,True,393.8174656389463,23.09130560107985,319.7762429483791,360.4086890273617,398.62176524912127,23.664582929328997,319.73882453683,360.3426498221593
rq4,l3_lpm_int,,1.0,,,,,,,,,601.0,,,,,,,601.0,,,,,,,4.0,,,,,,,,,,,,,,,,,,,,,,,,,,,,,,,,,linear_n,resource_only,rss_per_bmv2_bytes,169869312.0,169345024.0,-524288.0,-0.30864197530864196,True,True,True,169869312.0,0.0,169869312.0,169869312.0,169345024.0,0.0,169345024.0,169345024.0
rq4,l3_lpm_int,,1.0,,,,,,,,,3866.0,,,,,,,3861.0,,,,,,,1.0,,,,,,,,,,,,,,,,,,,,,,,,,,,,,,,,,single_switch,latency_l3,cpu_percent_per_bmv2,3.039368856699431,2.401061901061901,-0.63830695563753,-21.001299471453176,False,False,False,30.0,4.8736763701475,0.0,10.0,30.0,4.473651869361294,0.0,10.0
rq4,l3_lpm_int,,1.0,,,,,,,,,3866.0,,,,,,,3861.0,,,,,,,1.0,,,,,,,,,,,,,,,,,,,,,,,,,,,,,,,,,single_switch,latency_l3,cpu_percent_total,7.407449560269012,6.947008547008547,-0.46044101326046505,-6.215918306485821,False,True,True,29.6,1.641496607744847,6.2,9.9,14.7,0.9366899538353386,6.2,8.5
rq4,l3_lpm_int,,1.0,,,,,,,,,3866.0,,,,,,,3861.0,,,,,,,1.0,,,,,,,,,,,,,,,,,,,,,,,,,,,,,,,,,single_switch,latency_l3,net_io_pps_per_iface,104.42703718155693,104.04420595788704,-0.3828312236698821,-0.3666016330658615,True,True,True,6534.196370070338,103.86161291405436,89.94155216032571,111.3072680098373,4965.317265655298,78.79075000519754,89.95319015864852,110.35765702775284
rq4,l3_lpm_int,,1.0,,,,,,,,,3866.0,,,,,,,3861.0,,,,,,,1.0,,,,,,,,,,,,,,,,,,,,,,,,,,,,,,,,,single_switch,latency_l3,rss_per_bmv2_bytes,42401520.76978789,42117055.81766382,-284464.9521240741,-0.6708838432199872,True,True,True,42598400.0,181247.32325193804,42074112.0,42598400.0,42336256.0,145438.44557922593,41943040.0,42336256.0
rq4,l3_lpm_int,,25.0,,,,,,,,,3865.0,,,,,,,3858.0,,,,,,,1.0,,,,,,,,,,,,,,,,,,,,,,,,,,,,,,,,,single_switch,latency_l3,cpu_percent_per_bmv2,24.03901681759379,22.68019699326076,-1.358819824333029,-5.6525598972855216,False,True,True,50.0,5.72045601727035,20.0,30.0,50.0,5.4624716558247135,20.0,30.0
rq4,l3_lpm_int,,25.0,,,,,,,,,3865.0,,,,,,,3858.0,,,,,,,1.0,,,,,,,,,,,,,,,,,,,,,,,,,,,,,,,,,single_switch,latency_l3,cpu_percent_total,10.878473479948257,9.916614826334888,-0.9618586536133691,-8.841853182675996,False,True,True,22.5,3.441066576008175,6.5,15.9,24.1,2.7526612851564303,6.5,14.3
rq4,l3_lpm_int,,25.0,,,,,,,,,3865.0,,,,,,,3858.0,,,,,,,1.0,,,,,,,,,,,,,,,,,,,,,,,,,,,,,,,,,single_switch,latency_l3,net_io_pps_per_iface,2182.877403016804,2181.088223543258,-1.7891794735455733,-0.0819642674880812,True,True,True,12811.478503976305,295.66176939415107,2159.6282676992414,2189.8509327325432,22929.293835740908,396.0065445379415,2159.560615916885,2190.0217918109192
rq4,l3_lpm_int,,25.0,,,,,,,,,3865.0,,,,,,,3858.0,,,,,,,1.0,,,,,,,,,,,,,,,,,,,,,,,,,,,,,,,,,single_switch,latency_l3,rss_per_bmv2_bytes,42682231.81992238,42445312.796267495,-236919.0236548856,-0.5550764652009156,True,True,True,42991616.0,183082.40426409864,42467328.0,42991616.0,42860544.0,244446.05808778224,42074112.0,42860544.0
rq4,l3_lpm_int,,45.0,,,,,,,,,3865.0,,,,,,,3856.0,,,,,,,1.0,,,,,,,,,,,,,,,,,,,,,,,,,,,,,,,,,single_switch,latency_l3,cpu_percent_per_bmv2,34.559353169469595,33.355394190871365,-1.20395897859823,-3.4837428024024213,True,True,True,80.0,7.206467871858393,20.0,40.1,60.0,5.797978264767015,30.0,40.0
rq4,l3_lpm_int,,45.0,,,,,,,,,3865.0,,,,,,,3856.0,,,,,,,1.0,,,,,,,,,,,,,,,,,,,,,,,,,,,,,,,,,single_switch,latency_l3,cpu_percent_total,14.072781371280724,11.113329875518671,-2.9594514957620532,-21.029613249031254,False,False,False,31.3,2.242780954068956,11.9,18.1,24.9,4.714382190789124,6.6,19.0
rq4,l3_lpm_int,,45.0,,,,,,,,,3865.0,,,,,,,3856.0,,,,,,,1.0,,,,,,,,,,,,,,,,,,,,,,,,,,,,,,,,,single_switch,latency_l3,net_io_pps_per_iface,3916.436947169156,3907.123981799086,-9.312965370070287,-0.2377917861489332,True,True,True,31377.667595097155,618.2650677132865,3874.494359061071,3928.106237390805,24143.07184087005,378.6329393443661,3880.6108858281054,3919.921386001122
rq4,l3_lpm_int,,45.0,,,,,,,,,3865.0,,,,,,,3856.0,,,,,,,1.0,,,,,,,,,,,,,,,,,,,,,,,,,,,,,,,,,single_switch,latency_l3,rss_per_bmv2_bytes,42860137.04941785,42684772.91286307,-175364.13655478507,-0.40915439993248215,True,True,True,42991616.0,152431.42934306312,42598400.0,42991616.0,43253760.0,342917.016502324,42205184.0,43253760.0
rq4,l3_lpm_int_chain,,0.0,,,,,,,,,654.0,,,,,,,756.0,,,,,,,2.0,,,,,,,,,,,,,,,,,,,,,,,,,,,,,,,,,linear_n,int_multihop,cpu_percent_per_bmv2,2.84388379204893,2.8305555555555557,-0.013328236493374224,-0.4686631897772322,True,True,True,30.1,5.208799618805085,0.0,10.0,20.2,5.061953156359153,0.0,10.0
rq4,l3_lpm_int_chain,,0.0,,,,,,,,,654.0,,,,,,,756.0,,,,,,,2.0,,,,,,,,,,,,,,,,,,,,,,,,,,,,,,,,,linear_n,int_multihop,cpu_percent_total,0.9209480122324158,1.0138888888888888,0.09294087665647299,10.091870053683106,False,False,True,7.2,0.91852052643199,0.0,1.9,7.8,1.0531467616364083,0.0,3.1
rq4,l3_lpm_int_chain,,0.0,,,,,,,,,654.0,,,,,,,756.0,,,,,,,2.0,,,,,,,,,,,,,,,,,,,,,,,,,,,,,,,,,linear_n,int_multihop,net_io_pps_per_iface,32.63236941215288,31.19132827269472,-1.4410411394581644,-4.415986841952992,True,True,True,79.97239113251904,13.921319764566926,0.0,59.91380376255934,80.05563946995738,15.307692195700982,0.0,59.91267173335644
rq4,l3_lpm_int_chain,,0.0,,,,,,,,,654.0,,,,,,,756.0,,,,,,,2.0,,,,,,,,,,,,,,,,,,,,,,,,,,,,,,,,,linear_n,int_multihop,rss_per_bmv2_bytes,87684362.17737003,87465247.15343915,-219115.02393087745,-0.2498906515253499,True,True,True,87687168.0,26995.763667981235,87687168.0,87687168.0,87556096.0,227814.02416840277,86900736.0,87556096.0
rq4,l3_lpm_int_chain,,25.0,,,,,,,,,644.0,,,,,,,742.0,,,,,,,2.0,,,,,,,,,,,,,,,,,,,,,,,,,,,,,,,,,linear_n,int_multihop,cpu_percent_per_bmv2,46.30357142857143,45.44407008086253,-0.8595013477088997,-1.856231217574176,True,True,True,70.0,8.584566225017861,30.0,60.0,70.0,7.792947165055673,39.3,60.0
rq4,l3_lpm_int_chain,,25.0,,,,,,,,,644.0,,,,,,,742.0,,,,,,,2.0,,,,,,,,,,,,,,,,,,,,,,,,,,,,,,,,,linear_n,int_multihop,cpu_percent_total,14.338354037267084,12.08530997304582,-2.253044064221264,-15.713407957184868,False,False,True,22.4,1.4370149287905392,12.9,16.4,20.5,2.3936685148778807,7.1,15.0
rq4,l3_lpm_int_chain,,25.0,,,,,,,,,644.0,,,,,,,742.0,,,,,,,2.0,,,,,,,,,,,,,,,,,,,,,,,,,,,,,,,,,linear_n,int_multihop,net_io_pps_per_iface,4342.701312553268,4399.284595940902,56.583283387634765,1.3029513041588148,True,True,True,4442.840287975581,172.29178067553943,4319.720520315162,4379.555295225057,23405.50025357154,984.743296352816,4319.12782349983,4378.672294655367
rq4,l3_lpm_int_chain,,25.0,,,,,,,,,644.0,,,,,,,742.0,,,,,,,2.0,,,,,,,,,,,,,,,,,,,,,,,,,,,,,,,,,linear_n,int_multihop,rss_per_bmv2_bytes,88604672.0,88218698.52291106,-385973.4770889431,-0.43561300818194226,True,True,True,88604672.0,0.0,88604672.0,88604672.0,88342528.0,313486.56252501986,87425024.0,88342528.0
rq4,l3_lpm_int_chain,,45.0,,,,,,,,,644.0,,,,,,,643.0,,,,,,,2.0,,,,,,,,,,,,,,,,,,,,,,,,,,,,,,,,,linear_n,int_multihop,cpu_percent_per_bmv2,72.25077639751552,72.69066874027993,0.43989234276440925,0.6088409906409473,True,True,True,100.0,8.293051074865541,60.0,89.885,110.0,8.988296649248598,60.0,90.0
rq4,l3_lpm_int_chain,,45.0,,,,,,,,,644.0,,,,,,,643.0,,,,,,,2.0,,,,,,,,,,,,,,,,,,,,,,,,,,,,,,,,,linear_n,int_multihop,cpu_percent_total,13.473136645962734,13.345256609642302,-0.1278800363204322,-0.9491482175292258,True,True,True,25.2,1.2877972947766838,12.3,15.0,19.4,1.1954958516219056,12.0,15.4
rq4,l3_lpm_int_chain,,45.0,,,,,,,,,644.0,,,,,,,643.0,,,,,,,2.0,,,,,,,,,,,,,,,,,,,,,,,,,,,,,,,,,linear_n,int_multihop,net_io_pps_per_iface,7827.324548683106,7790.41047622543,-36.9140724576755,-0.4716052366052209,True,True,True,23781.356837096984,630.1016430612409,7762.439977117199,7839.969130295485,7878.98689949761,308.2633648521792,7777.679863752847,7824.104672164791
rq4,l3_lpm_int_chain,,45.0,,,,,,,,,644.0,,,,,,,643.0,,,,,,,2.0,,,,,,,,,,,,,,,,,,,,,,,,,,,,,,,,,linear_n,int_multihop,rss_per_bmv2_bytes,88355553.78881988,88604672.0,249118.2111801207,0.2819496913295823,True,True,True,88473600.0,130524.5281120484,88211456.0,88473600.0,88604672.0,0.0,88604672.0,88604672.0
rq4,l3_lpm_int_chain,,0.0,,,,,,,,,654.0,,,,,,,756.0,,,,,,,3.0,,,,,,,,,,,,,,,,,,,,,,,,,,,,,,,,,linear_n,int_multihop,cpu_percent_per_bmv2,3.855657492354741,3.797486772486773,-0.05817071986796796,-1.508710770687303,True,True,True,30.200000000000003,6.302523142288217,0.0,20.0,30.2,6.04740053890682,0.0,19.8
rq4,l3_lpm_int_chain,,0.0,,,,,,,,,654.0,,,,,,,756.0,,,,,,,3.0,,,,,,,,,,,,,,,,,,,,,,,,,,,,,,,,,linear_n,int_multihop,cpu_percent_total,0.9949541284403668,1.0191798941798942,0.024225765739527394,2.4348625777856028,True,True,True,14.3,1.180672160821205,0.0,3.1,6.8,0.986499525235864,0.0,2.5
rq4,l3_lpm_int_chain,,0.0,,,,,,,,,654.0,,,,,,,756.0,,,,,,,3.0,,,,,,,,,,,,,,,,,,,,,,,,,,,,,,,,,linear_n,int_multihop,net_io_pps_per_iface,48.95093011958402,46.79662474256842,-2.1543053770156035,-4.400948810886273,True,True,True,119.6150989285047,20.851234993363672,0.0,89.92600415921923,119.99470463413564,23.124658053540948,0.0,89.94641240452418
rq4,l3_lpm_int_chain,,0.0,,,,,,,,,654.0,,,,,,,756.0,,,,,,,3.0,,,,,,,,,,,,,,,,,,,,,,,,,,,,,,,,,linear_n,int_multihop,rss_per_bmv2_bytes,131854223.26605503,131058996.82539682,-795226.4406582117,-0.6031103296961572,True,True,True,131858432.0,40493.64550197188,131858432.0,131858432.0,131203072.0,364649.13406922686,130154496.0,131203072.0
rq4,l3_lpm_int_chain,,25.0,,,,,,,,,643.0,,,,,,,643.0,,,,,,,3.0,,,,,,,,,,,,,,,,,,,,,,,,,,,,,,,,,linear_n,int_multihop,cpu_percent_per_bmv2,67.85412130637636,68.02441679626749,0.17029548989113152,0.25097294992917196,True,True,True,100.0,9.107408283169926,60.0,80.0,110.0,10.396164121280608,50.0,80.0
rq4,l3_lpm_int_chain,,25.0,,,,,,,,,643.0,,,,,,,643.0,,,,,,,3.0,,,,,,,,,,,,,,,,,,,,,,,,,,,,,,,,,linear_n,int_multihop,cpu_percent_total,14.121461897356143,14.84307931570762,0.7216174183514763,5.110075880221576,False,True,True,21.0,1.2068494976568227,12.5,16.2,24.0,1.265832261010068,13.51,16.8
rq4,l3_lpm_int_chain,,25.0,,,,,,,,,643.0,,,,,,,643.0,,,,,,,3.0,,,,,,,,,,,,,,,,,,,,,,,,,,,,,,,,,linear_n,int_multihop,net_io_pps_per_iface,6553.028251005258,6580.620589055176,27.592338049918,0.4210624003594862,True,True,True,25031.75955485966,730.4347490138291,6479.457933788018,6569.450840187935,42767.33154624784,1429.5255169539969,6479.603448300774,6569.634347407686
rq4,l3_lpm_int_chain,,25.0,,,,,,,,,643.0,,,,,,,643.0,,,,,,,3.0,,,,,,,,,,,,,,,,,,,,,,,,,,,,,,,,,linear_n,int_multihop,rss_per_bmv2_bytes,132636710.2208398,132251648.0,-385062.22083979845,-0.29031345861841024,True,True,True,132644864.0,45543.451728916814,132644864.0,132644864.0,132251648.0,0.0,132251648.0,132251648.0
rq4,l3_lpm_int_chain,,45.0,,,,,,,,,645.0,,,,,,,644.0,,,,,,,3.0,,,,,,,,,,,,,,,,,,,,,,,,,,,,,,,,,linear_n,int_multihop,cpu_percent_per_bmv2,119.1213953488372,125.79611801242238,6.674722663585186,5.603294558495399,False,True,True,190.3,12.761048357906786,100.0,140.0,1061.4,38.68255742957577,110.0,140.0
rq4,l3_lpm_int_chain,,45.0,,,,,,,,,645.0,,,,,,,644.0,,,,,,,3.0,,,,,,,,,,,,,,,,,,,,,,,,,,,,,,,,,linear_n,int_multihop,cpu_percent_total,18.432713178294573,20.595962732919254,2.163249554624681,11.735925871032451,False,False,True,28.3,1.625256669618595,16.5,20.85999999999999,29.5,1.573462617366967,18.6,22.885
rq4,l3_lpm_int_chain,,45.0,,,,,,,,,645.0,,,,,,,644.0,,,,,,,3.0,,,,,,,,,,,,,,,,,,,,,,,,,,,,,,,,,linear_n,int_multihop,net_io_pps_per_iface,11754.575721465964,11801.67016770328,47.094446237315424,0.400647776263949,True,True,True,43596.41671944617,1257.0821639418346,11643.182270273286,11759.219987598615,74805.97191241787,2486.742704316992,11666.154613914074,11752.718884889287
rq4,l3_lpm_int_chain,,45.0,,,,,,,,,645.0,,,,,,,644.0,,,,,,,3.0,,,,,,,,,,,,,,,,,,,,,,,,,,,,,,,,,linear_n,int_multihop,rss_per_bmv2_bytes,133092134.4992248,132871594.13664596,-220540.36257883906,-0.16570503088604654,True,True,True,133169152.0,105383.01083972122,132907008.0,133169152.0,132907008.0,89676.5156815875,132644864.0,132907008.0
