run_id,p4_program,topology,n_switches,n_entries_per_switch,operation,mode,n_reps,wall_clock_s_median,wall_clock_s_min,wall_clock_s_max,entries_per_second_median,entries_per_second_min,entries_per_second_max
122b7401-9adc-40db-8d2d-b789b1968d61,l3_lpm,linear_n,1,10,insert,sync,5,0.014195605996064842,0.008027627016417682,0.017107866995502263,704.443332871601,584.5264054618291,1245.698134647826
122b7401-9adc-40db-8d2d-b789b1968d61,l3_lpm,linear_n,1,10,read,sync,5,0.001556760020321235,0.0011135159875266254,0.002103037986671552,6423.597644765129,4755.025854681235,8980.562571187053
122b7401-9adc-40db-8d2d-b789b1968d61,l3_lpm,linear_n,1,100,insert,sync,5,0.060480096988612786,0.05017658101860434,0.06098815600853413,1653.436501909513,1639.6626254121686,1992.961616155598
122b7401-9adc-40db-8d2d-b789b1968d61,l3_lpm,linear_n,1,100,read,sync,5,0.005352010019123554,0.00510649400530383,0.005881764984223992,18684.568908257763,17001.6993654488,19582.90754794495
122b7401-9adc-40db-8d2d-b789b1968d61,l3_lpm,linear_n,1,1000,insert,sync,5,0.49895697899046354,0.49080080701969564,0.518984188005561,2004.1808053738291,1926.8409772616903,2037.48646232334
122b7401-9adc-40db-8d2d-b789b1968d61,l3_lpm,linear_n,1,1000,read,sync,5,0.04585819601197727,0.04557103000115603,0.06453882399364375,21806.352778003293,15494.549452876416,21943.7655891173
122b7401-9adc-40db-8d2d-b789b1968d61,l3_lpm,linear_n,2,10,insert,async,5,0.017247938987566158,0.014779824996367097,0.02192703098990023,1159.5588327635999,912.1161916181065,1353.1959955490697
122b7401-9adc-40db-8d2d-b789b1968d61,l3_lpm,linear_n,2,10,insert,sync,5,0.021326433983631432,0.016683958005160093,0.023922093998407945,937.8032921655115,836.0472123105542,1198.756313928284
122b7401-9adc-40db-8d2d-b789b1968d61,l3_lpm,linear_n,2,10,read,async,5,0.004913340002531186,0.004599271982442588,0.006962508981814608,4070.550784129875,2872.5277126734118,4348.514303208999
122b7401-9adc-40db-8d2d-b789b1968d61,l3_lpm,linear_n,2,10,read,sync,5,0.0021434230147860944,0.0020754290162585676,0.0023970730253495276,9330.869297396213,8343.508849541084,9636.561811231946
122b7401-9adc-40db-8d2d-b789b1968d61,l3_lpm,linear_n,2,100,insert,async,5,0.07757427802425809,0.07696596599998884,0.07821530499495566,2578.1741718235317,2557.044302427749,2598.5511570143744
122b7401-9adc-40db-8d2d-b789b1968d61,l3_lpm,linear_n,2,100,insert,sync,5,0.11124427599133924,0.11047460799454711,0.12057640301645733,1797.8453113000683,1658.6993391460037,1810.3707596760312
122b7401-9adc-40db-8d2d-b789b1968d61,l3_lpm,linear_n,2,100,read,async,5,0.012321358983172104,0.011910243018064648,0.013605554995592684,16231.97573199109,14699.878106022652,16792.268612542463
122b7401-9adc-40db-8d2d-b789b1968d61,l3_lpm,linear_n,2,100,read,sync,5,0.010708460991736501,0.00977743201656267,0.011003090010490268,18676.820147576378,18176.71216079496,20455.26879258338
122b7401-9adc-40db-8d2d-b789b1968d61,l3_lpm,linear_n,2,1000,insert,async,5,0.6781103689863812,0.6642417489783838,0.6912981019995641,2949.3723904997046,2893.107899783097,3010.9519660214632
122b7401-9adc-40db-8d2d-b789b1968d61,l3_lpm,linear_n,2,1000,insert,sync,5,0.9808163020061329,0.9650707750115544,0.9835211700119544,2039.1178204412577,2033.5098633166083,2072.38686714563
122b7401-9adc-40db-8d2d-b789b1968d61,l3_lpm,linear_n,2,1000,read,async,5,0.10502033200464211,0.10334055597195402,0.1137723569991067,19043.931416171832,17578.9625244004,19353.48596869159
122b7401-9adc-40db-8d2d-b789b1968d61,l3_lpm,linear_n,2,1000,read,sync,5,0.10604361500008963,0.10430431601707824,0.11580652301199734,18860.16428238805,17270.18433834512,19174.661954281266
122b7401-9adc-40db-8d2d-b789b1968d61,l3_lpm,linear_n,4,10,insert,async,5,0.03058212500764057,0.024004401988349855,0.12009122699964792,1307.9535836704117,333.08011750198267,1666.3610290901372
122b7401-9adc-40db-8d2d-b789b1968d61,l3_lpm,linear_n,4,10,insert,sync,5,0.030904175015166402,0.02027160400757566,0.04096004299935885,1294.3235009628884,976.5614748164724,1973.2035010673885
122b7401-9adc-40db-8d2d-b789b1968d61,l3_lpm,linear_n,4,10,read,async,5,0.0076531700033228844,0.00742543998057954,0.021814449020894244,5226.592377097678,1833.6470456662614,5386.886178410412
122b7401-9adc-40db-8d2d-b789b1968d61,l3_lpm,linear_n,4,10,read,sync,5,0.004352187999757007,0.004076501005329192,0.00482165502035059,9190.779442945319,8295.906660923149,9812.336596436056
122b7401-9adc-40db-8d2d-b789b1968d61,l3_lpm,linear_n,4,100,insert,async,5,0.1401728430064395,0.1365434970066417,0.14866284502204508,2853.619798391505,2690.6521258938933,2929.4694274641533
122b7401-9adc-40db-8d2d-b789b1968d61,l3_lpm,linear_n,4,100,insert,sync,5,0.2067467260058038,0.19857639199472032,0.21626430400647223,1934.734386017659,1849.5886403334923,2014.3381395036881
122b7401-9adc-40db-8d2d-b789b1968d61,l3_lpm,linear_n,4,100,read,async,5,0.023881387984147295,0.022712964011589065,0.03703944501467049,16749.445227619268,10799.297879370735,17611.087650026828
122b7401-9adc-40db-8d2d-b789b1968d61,l3_lpm,linear_n,4,100,read,sync,5,0.0344581060053315,0.019579090003389865,0.03670624201186001,11608.299073028284,10897.329121045885,20429.958692193824
122b7401-9adc-40db-8d2d-b789b1968d61,l3_lpm,linear_n,4,1000,insert,async,5,1.3609252960013691,1.330610229022568,1.3681115939980373,2939.176758454474,2923.7381055377114,3006.1395236216517
122b7401-9adc-40db-8d2d-b789b1968d61,l3_lpm,linear_n,4,1000,insert,sync,5,1.9869959820061922,1.9154871560167521,2.0006127240194473,2013.0891235931722,1999.3874636384235,2088.241619076154
122b7401-9adc-40db-8d2d-b789b1968d61,l3_lpm,linear_n,4,1000,read,async,5,0.21749098500004038,0.20357021599193104,0.22128730101394467,18391.566896435994,18076.04856524476,19649.239848321176
122b7401-9adc-40db-8d2d-b789b1968d61,l3_lpm,linear_n,4,1000,read,sync,5,0.2120038990105968,0.20649327500723302,0.2148146500112489,18867.577524128763,18620.703940771906,19371.090898044444
122b7401-9adc-40db-8d2d-b789b1968d61,l3_lpm,linear_n,8,10,insert,async,5,0.04785461397841573,0.04059804099961184,0.06259921099990606,1671.7301290129114,1277.9713789063578,1970.5384306785859
122b7401-9adc-40db-8d2d-b789b1968d61,l3_lpm,linear_n,8,10,insert,sync,5,0.04972040301072411,0.045709216996328905,0.06266101100482047,1608.997416669067,1276.7109677474828,1750.1940583761286
122b7401-9adc-40db-8d2d-b789b1968d61,l3_lpm,linear_n,8,10,read,async,5,0.014494831004412845,0.012256838992470875,0.017136608017608523,5519.208880437764,4668.368437779339,6526.9683357301465
122b7401-9adc-40db-8d2d-b789b1968d61,l3_lpm,linear_n,8,10,read,sync,5,0.008418660989264026,0.008211467997170985,0.0086699609819334,9502.698837976814,9227.261825826581,9742.472360308973
122b7401-9adc-40db-8d2d-b789b1968d61,l3_lpm,linear_n,8,100,insert,async,5,0.2827530349895824,0.27388743302435614,0.2957281300041359,2829.324184016185,2705.1873624224104,2920.908021102443
122b7401-9adc-40db-8d2d-b789b1968d61,l3_lpm,linear_n,8,100,insert,sync,5,0.41834747599205,0.41221273300470784,0.4264000889961608,1912.2859486672332,1876.1722162942679,1940.7454839364782
122b7401-9adc-40db-8d2d-b789b1968d61,l3_lpm,linear_n,8,100,read,async,5,0.06173014800879173,0.04599470298853703,0.06204176400206052,12959.631975709217,12894.539877580375,17393.307229299404
122b7401-9adc-40db-8d2d-b789b1968d61,l3_lpm,linear_n,8,100,read,sync,5,0.04057996498886496,0.03961460100254044,0.05759221999323927,19714.161907717713,13890.765108445406,20194.574216428355
122b7401-9adc-40db-8d2d-b789b1968d61,l3_lpm,linear_n,8,1000,insert,async,5,2.6729385379876476,2.657067291002022,2.6993724209896754,2992.960700855805,2963.6518243255023,3010.83831301204
122b7401-9adc-40db-8d2d-b789b1968d61,l3_lpm,linear_n,8,1000,insert,sync,5,3.972329390991945,3.9283489110239316,4.063173453003401,2013.9316790147382,1968.9043779528022,2036.4789842241341
122b7401-9adc-40db-8d2d-b789b1968d61,l3_lpm,linear_n,8,1000,read,async,5,0.5039125189941842,0.4647384720155969,0.512489615008235,15875.771485034946,15610.072410679875,17213.982662772785
122b7401-9adc-40db-8d2d-b789b1968d61,l3_lpm,linear_n,8,1000,read,sync,5,0.42161431099520996,0.4101246789796278,0.4468661900027655,18974.68798228457,17902.450843171846,19506.26336338415
