run_id,p4_program,topology,n_switches,background_load_mbps,rate_mbps,source_workload_type,duration_s,resource_sample_interval_s,metric,repetition,schedule_index,n_samples,mean,std,median,iqr,p5,p95,p99,max
ae42b961-22af-40d9-99a1-1694e83275cc,l3_lpm,linear_n,4,1,1,resource_only,60.0,0.1,cpu_percent_per_bmv2,0,2,601,7.405990016638935,8.289159430237795,10.0,10.0,0.0,20.0,30.0,40.4
ae42b961-22af-40d9-99a1-1694e83275cc,l3_lpm,linear_n,4,1,1,resource_only,60.0,0.1,cpu_percent_per_bmv2,1,7,601,6.2910149750415965,7.354106730354275,0.0,10.0,0.0,20.0,30.0,40.0
ae42b961-22af-40d9-99a1-1694e83275cc,l3_lpm,linear_n,4,1,1,resource_only,60.0,0.1,cpu_percent_per_bmv2,2,14,601,6.521630615640599,7.644091269514063,0.0,10.0,0.0,20.0,30.0,40.0
ae42b961-22af-40d9-99a1-1694e83275cc,l3_lpm,linear_n,4,1,1,resource_only,60.0,0.1,cpu_percent_per_bmv2,3,18,601,6.141930116472546,7.77374248791671,0.0,10.0,0.0,20.0,30.0,40.0
ae42b961-22af-40d9-99a1-1694e83275cc,l3_lpm,linear_n,4,1,1,resource_only,60.0,0.1,cpu_percent_per_bmv2,4,35,601,6.321963394342762,6.92395480478157,10.0,10.0,0.0,20.0,20.2,30.0
ae42b961-22af-40d9-99a1-1694e83275cc,l3_lpm,linear_n,4,1,1,resource_only,60.0,0.1,cpu_percent_total,0,2,601,6.718635607321131,0.6578136529418284,6.3,0.6000000000000005,6.3,7.5,8.7,10.6
ae42b961-22af-40d9-99a1-1694e83275cc,l3_lpm,linear_n,4,1,1,resource_only,60.0,0.1,cpu_percent_total,1,7,601,6.6143094841930115,0.5205717024514813,6.3,0.6000000000000005,6.2,7.5,8.2,11.8
ae42b961-22af-40d9-99a1-1694e83275cc,l3_lpm,linear_n,4,1,1,resource_only,60.0,0.1,cpu_percent_total,2,14,601,6.763227953410982,0.8125652156087563,6.6,0.6000000000000005,6.2,7.7,9.9,15.1
ae42b961-22af-40d9-99a1-1694e83275cc,l3_lpm,linear_n,4,1,1,resource_only,60.0,0.1,cpu_percent_total,3,18,601,6.730116472545757,0.5990059708201605,6.8,0.6000000000000005,6.2,7.5,8.1,12.4
ae42b961-22af-40d9-99a1-1694e83275cc,l3_lpm,linear_n,4,1,1,resource_only,60.0,0.1,cpu_percent_total,4,35,601,6.743427620632279,0.6847341809070845,6.8,0.6000000000000005,6.3,7.5,8.6,13.5
ae42b961-22af-40d9-99a1-1694e83275cc,l3_lpm,linear_n,4,1,1,resource_only,60.0,0.1,net_io_pps_per_iface,0,2,601,344.78104178110095,23.72886002354907,359.7123417125763,39.90799418422779,319.64752459553836,360.7705264328236,366.88078685242937,404.0260428841543
ae42b961-22af-40d9-99a1-1694e83275cc,l3_lpm,linear_n,4,1,1,resource_only,60.0,0.1,net_io_pps_per_iface,1,7,601,344.7079706007643,23.41666083778297,359.7011207230134,39.866033821744395,319.7059855668955,360.5330662368138,365.77240059380756,393.3907290694877
ae42b961-22af-40d9-99a1-1694e83275cc,l3_lpm,linear_n,4,1,1,resource_only,60.0,0.1,net_io_pps_per_iface,2,14,601,344.78558308306606,22.961406845331826,359.58531541705395,39.798822923224634,319.81664917093696,360.40049860711775,365.7044964986539,377.4152927755934
ae42b961-22af-40d9-99a1-1694e83275cc,l3_lpm,linear_n,4,1,1,resource_only,60.0,0.1,net_io_pps_per_iface,3,18,601,374.0644213576384,705.2997899065964,359.69021682870095,39.8741655620488,319.73353401650735,360.49777891359355,368.7813098723103,17630.04956120374
ae42b961-22af-40d9-99a1-1694e83275cc,l3_lpm,linear_n,4,1,1,resource_only,60.0,0.1,net_io_pps_per_iface,4,35,601,344.704916623039,23.625738530982236,359.7298356852889,39.92195815523144,319.66511250098097,360.42547153661815,364.681060702789,396.1043924598956
ae42b961-22af-40d9-99a1-1694e83275cc,l3_lpm,linear_n,4,1,1,resource_only,60.0,0.1,rss_per_bmv2_bytes,0,2,601,166199296.0,0.0,166199296.0,0.0,166199296.0,166199296.0,166199296.0,166199296.0
ae42b961-22af-40d9-99a1-1694e83275cc,l3_lpm,linear_n,4,1,1,resource_only,60.0,0.1,rss_per_bmv2_bytes,1,7,601,167510016.0,0.0,167510016.0,0.0,167510016.0,167510016.0,167510016.0,167510016.0
ae42b961-22af-40d9-99a1-1694e83275cc,l3_lpm,linear_n,4,1,1,resource_only,60.0,0.1,rss_per_bmv2_bytes,2,14,601,167247872.0,0.0,167247872.0,0.0,167247872.0,167247872.0,167247872.0,167247872.0
ae42b961-22af-40d9-99a1-1694e83275cc,l3_lpm,linear_n,4,1,1,resource_only,60.0,0.1,rss_per_bmv2_bytes,3,18,601,166985728.0,0.0,166985728.0,0.0,166985728.0,166985728.0,166985728.0,166985728.0
ae42b961-22af-40d9-99a1-1694e83275cc,l3_lpm,linear_n,4,1,1,resource_only,60.0,0.1,rss_per_bmv2_bytes,4,35,601,167510016.0,0.0,167510016.0,0.0,167510016.0,167510016.0,167510016.0,167510016.0
ae42b961-22af-40d9-99a1-1694e83275cc,l3_lpm,linear_n,4,45,45,resource_only,60.0,0.1,cpu_percent_per_bmv2,0,36,601,171.0479201331115,14.382950549184173,170.0,20.0,150.0,190.0,200.0,210.0
ae42b961-22af-40d9-99a1-1694e83275cc,l3_lpm,linear_n,4,45,45,resource_only,60.0,0.1,cpu_percent_per_bmv2,1,25,601,173.74359400998335,15.580549724840607,170.2,19.69999999999999,150.0,199.7,200.3,259.4
ae42b961-22af-40d9-99a1-1694e83275cc,l3_lpm,linear_n,4,45,45,resource_only,60.0,0.1,cpu_percent_per_bmv2,2,37,601,173.11530782029948,14.95398047165889,170.0,19.900000000000006,150.0,190.5,200.3,210.3
ae42b961-22af-40d9-99a1-1694e83275cc,l3_lpm,linear_n,4,45,45,resource_only,60.0,0.1,cpu_percent_per_bmv2,3,13,601,170.06522462562396,14.307922234125838,170.0,20.0,150.0,190.0,200.2,219.7
ae42b961-22af-40d9-99a1-1694e83275cc,l3_lpm,linear_n,4,45,45,resource_only,60.0,0.1,cpu_percent_per_bmv2,4,24,601,169.08519134775375,13.552050164888646,170.0,20.0,150.0,190.0,199.7,209.7
ae42b961-22af-40d9-99a1-1694e83275cc,l3_lpm,linear_n,4,45,45,resource_only,60.0,0.1,cpu_percent_total,0,36,601,20.746256239600665,0.9634781406784323,20.7,1.0999999999999979,19.5,22.0,22.8,25.0
ae42b961-22af-40d9-99a1-1694e83275cc,l3_lpm,linear_n,4,45,45,resource_only,60.0,0.1,cpu_percent_total,1,25,601,10.11946755407654,2.043372306432557,9.7,1.8000000000000007,8.3,12.8,17.8,31.4
ae42b961-22af-40d9-99a1-1694e83275cc,l3_lpm,linear_n,4,45,45,resource_only,60.0,0.1,cpu_percent_total,2,37,601,12.942096505823628,1.1626728963919462,12.7,1.5,11.4,14.8,15.7,22.7
ae42b961-22af-40d9-99a1-1694e83275cc,l3_lpm,linear_n,4,45,45,resource_only,60.0,0.1,cpu_percent_total,3,13,601,16.716638935108154,1.3389757345628777,16.6,1.5999999999999996,14.8,18.8,20.2,24.5
ae42b961-22af-40d9-99a1-1694e83275cc,l3_lpm,linear_n,4,45,45,resource_only,60.0,0.1,cpu_percent_total,4,24,601,18.821131447587355,1.3157771028405236,18.6,1.6000000000000014,17.0,21.0,21.6,26.2
ae42b961-22af-40d9-99a1-1694e83275cc,l3_lpm,linear_n,4,45,45,resource_only,60.0,0.1,net_io_pps_per_iface,0,36,601,15578.729526391468,981.2532587673497,15532.14318529156,39.69974827536498,15493.315724674934,15584.9710408082,15617.01480397912,39584.47644983858
ae42b961-22af-40d9-99a1-1694e83275cc,l3_lpm,linear_n,4,45,45,resource_only,60.0,0.1,net_io_pps_per_iface,1,25,601,15652.994564251432,2804.428335327722,15537.79642794487,39.92555484152399,15493.173779171651,15583.09139426045,15610.374023956778,84286.38114948697
ae42b961-22af-40d9-99a1-1694e83275cc,l3_lpm,linear_n,4,45,45,resource_only,60.0,0.1,net_io_pps_per_iface,2,37,601,15631.059182378021,2265.184159969194,15532.420263338132,39.56036026499169,15503.455098517561,15571.963314125604,15607.564437376626,71062.19042804034
ae42b961-22af-40d9-99a1-1694e83275cc,l3_lpm,linear_n,4,45,45,resource_only,60.0,0.1,net_io_pps_per_iface,3,13,601,15608.305984863931,1707.0186130750237,15530.575407680302,39.993850604363615,15481.984015137758,15597.5929807336,15613.74042723712,57378.92707640228
ae42b961-22af-40d9-99a1-1694e83275cc,l3_lpm,linear_n,4,45,45,resource_only,60.0,0.1,net_io_pps_per_iface,4,24,601,15659.706152499615,2971.6800989731014,15539.18854517404,37.963697607316135,15494.049523331465,15581.537431484325,15607.795244952249,88312.39944187475
ae42b961-22af-40d9-99a1-1694e83275cc,l3_lpm,linear_n,4,45,45,resource_only,60.0,0.1,rss_per_bmv2_bytes,0,36,601,167829299.5407654,65050.03878760375,167772160.0,131072.0,167772160.0,167903232.0,167903232.0,167903232.0
ae42b961-22af-40d9-99a1-1694e83275cc,l3_lpm,linear_n,4,45,45,resource_only,60.0,0.1,rss_per_bmv2_bytes,1,25,601,167772160.0,0.0,167772160.0,0.0,167772160.0,167772160.0,167772160.0,167772160.0
ae42b961-22af-40d9-99a1-1694e83275cc,l3_lpm,linear_n,4,45,45,resource_only,60.0,0.1,rss_per_bmv2_bytes,2,37,601,169203265.59733778,35897.53635229387,169213952.0,0.0,169082880.0,169213952.0,169213952.0,169213952.0
ae42b961-22af-40d9-99a1-1694e83275cc,l3_lpm,linear_n,4,45,45,resource_only,60.0,0.1,rss_per_bmv2_bytes,3,13,601,167832352.7986689,65372.22798223313,167772160.0,131072.0,167772160.0,167903232.0,167903232.0,167903232.0
ae42b961-22af-40d9-99a1-1694e83275cc,l3_lpm,linear_n,4,45,45,resource_only,60.0,0.1,rss_per_bmv2_bytes,4,24,601,168405929.1048253,48659.374393060105,168427520.0,0.0,168296448.0,168427520.0,168427520.0,168427520.0
ae42b961-22af-40d9-99a1-1694e83275cc,l3_lpm,linear_n,8,1,1,resource_only,60.0,0.1,cpu_percent_per_bmv2,0,20,600,12.417666666666667,10.836809892058483,10.0,20.0,0.0,30.0,40.0,60.0
ae42b961-22af-40d9-99a1-1694e83275cc,l3_lpm,linear_n,8,1,1,resource_only,60.0,0.1,cpu_percent_per_bmv2,1,10,601,12.644925124792014,10.896998594538974,10.0,20.0,0.0,30.0,40.0,50.0
ae42b961-22af-40d9-99a1-1694e83275cc,l3_lpm,linear_n,8,1,1,resource_only,60.0,0.1,cpu_percent_per_bmv2,2,19,601,12.117637271214642,10.09225057861436,10.0,20.0,0.0,30.0,40.0,50.0
ae42b961-22af-40d9-99a1-1694e83275cc,l3_lpm,linear_n,8,1,1,resource_only,60.0,0.1,cpu_percent_per_bmv2,3,12,600,12.233666666666666,10.714607065271261,10.0,20.0,0.0,30.0,40.0,50.0
ae42b961-22af-40d9-99a1-1694e83275cc,l3_lpm,linear_n,8,1,1,resource_only,60.0,0.1,cpu_percent_per_bmv2,4,5,601,12.726955074875207,10.652535169916677,10.0,20.0,0.0,30.0,40.0,60.0
ae42b961-22af-40d9-99a1-1694e83275cc,l3_lpm,linear_n,8,1,1,resource_only,60.0,0.1,cpu_percent_total,0,20,600,7.583666666666667,0.908887607661782,7.5,1.1999999999999993,6.3,8.904999999999996,9.906999999999995,16.5
ae42b961-22af-40d9-99a1-1694e83275cc,l3_lpm,linear_n,8,1,1,resource_only,60.0,0.1,cpu_percent_total,1,10,601,7.325291181364393,0.5975443833491382,7.5,0.5999999999999996,6.3,8.1,8.7,13.0
ae42b961-22af-40d9-99a1-1694e83275cc,l3_lpm,linear_n,8,1,1,resource_only,60.0,0.1,cpu_percent_total,2,19,601,7.055074875207987,0.5949327996093559,6.9,0.5999999999999996,6.3,8.1,8.6,13.0
ae42b961-22af-40d9-99a1-1694e83275cc,l3_lpm,linear_n,8,1,1,resource_only,60.0,0.1,cpu_percent_total,3,12,600,6.985666666666666,0.5870283007931637,6.9,0.5999999999999996,6.3,7.5,8.203999999999995,11.9
ae42b961-22af-40d9-99a1-1694e83275cc,l3_lpm,linear_n,8,1,1,resource_only,60.0,0.1,cpu_percent_total,4,5,601,7.627287853577371,0.7882390491905897,7.5,1.1999999999999993,6.8,8.7,9.8,15.4
ae42b961-22af-40d9-99a1-1694e83275cc,l3_lpm,linear_n,8,1,1,resource_only,60.0,0.1,net_io_pps_per_iface,0,20,600,689.4953031915337,45.389154255644144,719.0537738753962,79.23684664922962,639.7646034292347,720.5707231930403,736.451150471375,792.35460844688
ae42b961-22af-40d9-99a1-1694e83275cc,l3_lpm,linear_n,8,1,1,resource_only,60.0,0.1,net_io_pps_per_iface,1,10,601,689.5276326061987,45.35456542442798,719.137969240542,78.99698393595588,639.7065731109858,720.5253927893083,721.1363015695906,812.4242832401292
ae42b961-22af-40d9-99a1-1694e83275cc,l3_lpm,linear_n,8,1,1,resource_only,60.0,0.1,net_io_pps_per_iface,2,19,601,689.4097247367415,44.98116386877727,719.1482550834935,79.60296811599233,639.6166903610489,720.8143400757773,722.4622717270954,765.2434340192364
ae42b961-22af-40d9-99a1-1694e83275cc,l3_lpm,linear_n,8,1,1,resource_only,60.0,0.1,net_io_pps_per_iface,3,12,600,689.4961988205174,45.16784221557265,710.7092921645788,70.4860400516585,639.3648724488319,720.7699596536086,723.6727690837055,760.028478236186
ae42b961-22af-40d9-99a1-1694e83275cc,l3_lpm,linear_n,8,1,1,resource_only,60.0,0.1,net_io_pps_per_iface,4,5,601,709.318153347836,461.0129691067791,719.140109879098,79.43817714377872,639.4473511482137,720.7875828145036,731.7500173191207,11958.860776882886
ae42b961-22af-40d9-99a1-1694e83275cc,l3_lpm,linear_n,8,1,1,resource_only,60.0,0.1,rss_per_bmv2_bytes,0,20,600,333578240.0,0.0,333578240.0,0.0,333578240.0,333578240.0,333578240.0,333578240.0
ae42b961-22af-40d9-99a1-1694e83275cc,l3_lpm,linear_n,8,1,1,resource_only,60.0,0.1,rss_per_bmv2_bytes,1,10,601,333578240.0,0.0,333578240.0,0.0,333578240.0,333578240.0,333578240.0,333578240.0
ae42b961-22af-40d9-99a1-1694e83275cc,l3_lpm,linear_n,8,1,1,resource_only,60.0,0.1,rss_per_bmv2_bytes,2,19,601,335544320.0,0.0,335544320.0,0.0,335544320.0,335544320.0,335544320.0,335544320.0
ae42b961-22af-40d9-99a1-1694e83275cc,l3_lpm,linear_n,8,1,1,resource_only,60.0,0.1,rss_per_bmv2_bytes,3,12,600,334757888.0,0.0,334757888.0,0.0,334757888.0,334757888.0,334757888.0,334757888.0
ae42b961-22af-40d9-99a1-1694e83275cc,l3_lpm,linear_n,8,1,1,resource_only,60.0,0.1,rss_per_bmv2_bytes,4,5,601,333840384.0,0.0,333840384.0,0.0,333840384.0,333840384.0,333840384.0,333840384.0
ae42b961-22af-40d9-99a1-1694e83275cc,l3_lpm,linear_n,8,45,45,resource_only,60.0,0.1,cpu_percent_per_bmv2,0,16,601,663.544758735441,45.08233959453185,670.0,36.39999999999998,559.5,710.3,730.6999999999999,1138.8
ae42b961-22af-40d9-99a1-1694e83275cc,l3_lpm,linear_n,8,45,45,resource_only,60.0,0.1,cpu_percent_per_bmv2,1,3,601,658.4159733777038,46.3013147159555,668.0,31.399999999999977,561.9,708.1,721.4,748.3
ae42b961-22af-40d9-99a1-1694e83275cc,l3_lpm,linear_n,8,45,45,resource_only,60.0,0.1,cpu_percent_per_bmv2,2,22,601,663.4665557404327,38.50101379120604,670.3,36.60000000000002,569.6,709.8,720.5,740.6999999999999
ae42b961-22af-40d9-99a1-1694e83275cc,l3_lpm,linear_n,8,45,45,resource_only,60.0,0.1,cpu_percent_per_bmv2,3,30,600,665.5086666666666,70.87123024907393,670.1500000000001,37.75,561.29,710.9,729.914,2086.4
ae42b961-22af-40d9-99a1-1694e83275cc,l3_lpm,linear_n,8,45,45,resource_only,60.0,0.1,cpu_percent_per_bmv2,4,26,601,671.6770382695507,27.676271519363535,670.5999999999999,22.59999999999991,638.9,701.8,718.8,1111.8
ae42b961-22af-40d9-99a1-1694e83275cc,l3_lpm,linear_n,8,45,45,resource_only,60.0,0.1,cpu_percent_total,0,16,601,48.27970049916805,3.1200139812960908,48.7,2.299999999999997,41.9,51.6,54.3,57.8
ae42b961-22af-40d9-99a1-1694e83275cc,l3_lpm,linear_n,8,45,45,resource_only,60.0,0.1,cpu_percent_total,1,3,601,45.03910149750416,2.9163822094073595,45.2,2.3999999999999986,40.8,48.3,50.7,53.9
ae42b961-22af-40d9-99a1-1694e83275cc,l3_lpm,linear_n,8,45,45,resource_only,60.0,0.1,cpu_percent_total,2,22,601,46.04792013311148,2.703923045060759,46.3,2.6000000000000014,41.6,49.7,51.0,54.4
ae42b961-22af-40d9-99a1-1694e83275cc,l3_lpm,linear_n,8,45,45,resource_only,60.0,0.1,cpu_percent_total,3,30,600,49.717333333333336,3.1488556188563,50.3,1.8000000000000043,43.294999999999995,52.2,53.80799999999999,61.3
ae42b961-22af-40d9-99a1-1694e83275cc,l3_lpm,linear_n,8,45,45,resource_only,60.0,0.1,cpu_percent_total,4,26,601,45.394342762063225,2.140506468646698,45.4,1.8000000000000043,43.3,47.6,51.0,55.6
ae42b961-22af-40d9-99a1-1694e83275cc,l3_lpm,linear_n,8,45,45,resource_only,60.0,0.1,net_io_pps_per_iface,0,16,601,31258.15278301375,4439.31631538787,31078.122896738034,137.1469288762346,30895.568273108966,31268.68573486881,31373.196409414173,139871.2135913322
ae42b961-22af-40d9-99a1-1694e83275cc,l3_lpm,linear_n,8,45,45,resource_only,60.0,0.1,net_io_pps_per_iface,1,3,601,31374.165169232845,7286.107005219538,31075.764690128162,175.0553817108521,30869.42382405774,31287.09501126932,31342.0864428923,209670.94978327598
ae42b961-22af-40d9-99a1-1694e83275cc,l3_lpm,linear_n,8,45,45,resource_only,60.0,0.1,net_io_pps_per_iface,2,22,601,31228.047316025346,3685.549464745798,31074.16551692176,173.0192632425933,30877.340527709872,31279.831544849694,31370.17070590402,121376.1759925563
ae42b961-22af-40d9-99a1-1694e83275cc,l3_lpm,linear_n,8,45,45,resource_only,60.0,0.1,net_io_pps_per_iface,3,30,600,31218.783161977244,3463.090735584639,31081.278925331026,180.90030575807032,30867.582597760473,31285.807678044228,31455.92625690528,115835.80711640474
ae42b961-22af-40d9-99a1-1694e83275cc,l3_lpm,linear_n,8,45,45,resource_only,60.0,0.1,net_io_pps_per_iface,4,26,601,31290.04791078263,5204.842842616096,31073.485894278325,159.30525010973724,30890.347345439026,31260.08440638412,31334.950921641765,158638.4170308726
ae42b961-22af-40d9-99a1-1694e83275cc,l3_lpm,linear_n,8,45,45,resource_only,60.0,0.1,rss_per_bmv2_bytes,0,16,601,337813544.8918469,60820.64416673517,337772544.0,131072.0,337772544.0,337903616.0,337903616.0,337903616.0
ae42b961-22af-40d9-99a1-1694e83275cc,l3_lpm,linear_n,8,45,45,resource_only,60.0,0.1,rss_per_bmv2_bytes,1,3,601,337641472.0,0.0,337641472.0,0.0,337641472.0,337641472.0,337641472.0,337641472.0
ae42b961-22af-40d9-99a1-1694e83275cc,l3_lpm,linear_n,8,45,45,resource_only,60.0,0.1,rss_per_bmv2_bytes,2,22,601,336199680.0,0.0,336199680.0,0.0,336199680.0,336199680.0,336199680.0,336199680.0
ae42b961-22af-40d9-99a1-1694e83275cc,l3_lpm,linear_n,8,45,45,resource_only,60.0,0.1,rss_per_bmv2_bytes,3,30,600,336068608.0,0.0,336068608.0,0.0,336068608.0,336068608.0,336068608.0,336068608.0
ae42b961-22af-40d9-99a1-1694e83275cc,l3_lpm,linear_n,8,45,45,resource_only,60.0,0.1,rss_per_bmv2_bytes,4,26,601,336723968.0,0.0,336723968.0,0.0,336723968.0,336723968.0,336723968.0,336723968.0
ae42b961-22af-40d9-99a1-1694e83275cc,l3_lpm,single_switch,1,1,1,resource_only,60.0,0.1,cpu_percent_per_bmv2,0,29,601,2.7828618968386025,4.781184211318615,0.0,10.0,0.0,10.0,20.0,20.9
ae42b961-22af-40d9-99a1-1694e83275cc,l3_lpm,single_switch,1,1,1,resource_only,60.0,0.1,cpu_percent_per_bmv2,1,38,601,2.1321131447587356,4.344208830214112,0.0,0.0,0.0,10.0,10.3,21.0
ae42b961-22af-40d9-99a1-1694e83275cc,l3_lpm,single_switch,1,1,1,resource_only,60.0,0.1,cpu_percent_per_bmv2,2,28,601,3.112312811980033,5.213672551601118,0.0,10.0,0.0,10.0,20.0,20.7
ae42b961-22af-40d9-99a1-1694e83275cc,l3_lpm,single_switch,1,1,1,resource_only,60.0,0.1,cpu_percent_per_bmv2,3,1,601,2.529284525790349,4.502159591489787,0.0,0.0,0.0,10.0,10.1,20.2
ae42b961-22af-40d9-99a1-1694e83275cc,l3_lpm,single_switch,1,1,1,resource_only,60.0,0.1,cpu_percent_per_bmv2,4,8,601,2.9963394342762064,4.970025477257872,0.0,10.0,0.0,10.0,20.0,30.0
ae42b961-22af-40d9-99a1-1694e83275cc,l3_lpm,single_switch,1,1,1,resource_only,60.0,0.1,cpu_percent_total,0,29,601,6.487021630615641,0.6271347126931104,6.3,0.5999999999999996,6.2,6.9,8.1,13.1
ae42b961-22af-40d9-99a1-1694e83275cc,l3_lpm,single_switch,1,1,1,resource_only,60.0,0.1,cpu_percent_total,1,38,601,6.43044925124792,0.39330390857911024,6.3,0.20000000000000018,6.2,6.9,7.5,10.0
ae42b961-22af-40d9-99a1-1694e83275cc,l3_lpm,single_switch,1,1,1,resource_only,60.0,0.1,cpu_percent_total,2,28,601,6.898835274542429,0.6430515592239082,6.9,1.1000000000000005,6.2,8.0,8.8,12.9
ae42b961-22af-40d9-99a1-1694e83275cc,l3_lpm,single_switch,1,1,1,resource_only,60.0,0.1,cpu_percent_total,3,1,601,6.4815307820299495,0.43738806507214406,6.3,0.5,6.2,6.9,7.5,10.9
ae42b961-22af-40d9-99a1-1694e83275cc,l3_lpm,single_switch,1,1,1,resource_only,60.0,0.1,cpu_percent_total,4,8,601,6.743760399334443,0.633007505876384,6.8,0.6000000000000005,6.2,7.5,8.1,12.3
ae42b961-22af-40d9-99a1-1694e83275cc,l3_lpm,single_switch,1,1,1,resource_only,60.0,0.1,net_io_pps_per_iface,0,29,601,86.19031901940266,5.97618891752949,89.93888472228926,9.965870976986878,79.94059453788618,90.09794276332984,91.65101700061068,94.22809766532214
ae42b961-22af-40d9-99a1-1694e83275cc,l3_lpm,single_switch,1,1,1,resource_only,60.0,0.1,net_io_pps_per_iface,1,38,601,95.02747225708266,213.58402080018496,89.95280716222805,9.987026176964022,79.94819756649329,90.12395016984371,91.67449610849889,5320.9881701577015
ae42b961-22af-40d9-99a1-1694e83275cc,l3_lpm,single_switch,1,1,1,resource_only,60.0,0.1,net_io_pps_per_iface,2,28,601,86.17376975826619,5.955390597922141,89.94511729659321,9.994195692929111,79.92583920794421,90.10268012308363,90.60714213950855,92.8561138464981
ae42b961-22af-40d9-99a1-1694e83275cc,l3_lpm,single_switch,1,1,1,resource_only,60.0,0.1,net_io_pps_per_iface,3,1,601,86.190252403098,5.967408966401292,89.92517416888857,9.978548530347823,79.91783806397589,90.12791855830976,90.65252412732927,93.11323159137824
ae42b961-22af-40d9-99a1-1694e83275cc,l3_lpm,single_switch,1,1,1,resource_only,60.0,0.1,net_io_pps_per_iface,4,8,601,86.17480127295943,5.981542937237887,89.945829235433,10.006397801039299,79.91254051929239,90.10625868808552,90.74176860518583,93.47987917308956
ae42b961-22af-40d9-99a1-1694e83275cc,l3_lpm,single_switch,1,1,1,resource_only,60.0,0.1,rss_per_bmv2_bytes,0,29,601,41549824.0,0.0,41549824.0,0.0,41549824.0,41549824.0,41549824.0,41549824.0
ae42b961-22af-40d9-99a1-1694e83275cc,l3_lpm,single_switch,1,1,1,resource_only,60.0,0.1,rss_per_bmv2_bytes,1,38,601,42074112.0,0.0,42074112.0,0.0,42074112.0,42074112.0,42074112.0,42074112.0
ae42b961-22af-40d9-99a1-1694e83275cc,l3_lpm,single_switch,1,1,1,resource_only,60.0,0.1,rss_per_bmv2_bytes,2,28,601,41680896.0,0.0,41680896.0,0.0,41680896.0,41680896.0,41680896.0,41680896.0
ae42b961-22af-40d9-99a1-1694e83275cc,l3_lpm,single_switch,1,1,1,resource_only,60.0,0.1,rss_per_bmv2_bytes,3,1,601,42205184.0,0.0,42205184.0,0.0,42205184.0,42205184.0,42205184.0,42205184.0
ae42b961-22af-40d9-99a1-1694e83275cc,l3_lpm,single_switch,1,1,1,resource_only,60.0,0.1,rss_per_bmv2_bytes,4,8,601,41811968.0,0.0,41811968.0,0.0,41811968.0,41811968.0,41811968.0,41811968.0
ae42b961-22af-40d9-99a1-1694e83275cc,l3_lpm,single_switch,1,45,45,resource_only,60.0,0.1,cpu_percent_per_bmv2,0,32,601,31.330948419301166,6.524130128402942,30.0,10.0,20.0,40.0,40.1,70.0
ae42b961-22af-40d9-99a1-1694e83275cc,l3_lpm,single_switch,1,45,45,resource_only,60.0,0.1,cpu_percent_per_bmv2,1,33,601,31.281364392678867,6.313149145658607,30.0,10.0,20.0,40.0,40.0,50.0
ae42b961-22af-40d9-99a1-1694e83275cc,l3_lpm,single_switch,1,45,45,resource_only,60.0,0.1,cpu_percent_per_bmv2,2,39,601,31.930282861896835,5.8820020474769015,30.0,10.0,20.0,40.0,40.1,50.0
ae42b961-22af-40d9-99a1-1694e83275cc,l3_lpm,single_switch,1,45,45,resource_only,60.0,0.1,cpu_percent_per_bmv2,3,34,601,31.264725457570712,6.0606864544786365,30.0,0.10000000000000142,20.0,40.0,40.0,50.0
ae42b961-22af-40d9-99a1-1694e83275cc,l3_lpm,single_switch,1,45,45,resource_only,60.0,0.1,cpu_percent_per_bmv2,4,0,601,32.19667221297837,6.364842672109808,30.0,10.0,20.0,40.0,40.1,60.0
ae42b961-22af-40d9-99a1-1694e83275cc,l3_lpm,single_switch,1,45,45,resource_only,60.0,0.1,cpu_percent_total,0,32,601,8.047420965058237,1.346426444640182,7.6,1.8000000000000007,6.4,10.4,12.1,16.6
ae42b961-22af-40d9-99a1-1694e83275cc,l3_lpm,single_switch,1,45,45,resource_only,60.0,0.1,cpu_percent_total,1,33,601,6.99683860232945,0.7680538103375589,7.0,1.0999999999999996,6.4,8.2,8.8,13.8
ae42b961-22af-40d9-99a1-1694e83275cc,l3_lpm,single_switch,1,45,45,resource_only,60.0,0.1,cpu_percent_total,2,39,601,6.772212978369383,0.6609664095584693,6.4,0.5999999999999996,6.4,7.6,9.5,12.6
ae42b961-22af-40d9-99a1-1694e83275cc,l3_lpm,single_switch,1,45,45,resource_only,60.0,0.1,cpu_percent_total,3,34,601,6.997670549084859,0.7768920332203167,7.0,0.6999999999999993,6.4,8.2,9.4,12.2
ae42b961-22af-40d9-99a1-1694e83275cc,l3_lpm,single_switch,1,45,45,resource_only,60.0,0.1,cpu_percent_total,4,0,601,6.7356073211314476,1.056786010606205,6.4,0.5999999999999996,6.4,7.6,12.2,16.5
ae42b961-22af-40d9-99a1-1694e83275cc,l3_lpm,single_switch,1,45,45,resource_only,60.0,0.1,net_io_pps_per_iface,0,32,601,3878.2808711335015,158.92693048484094,3883.8879651326633,10.1871215859519,3868.695050624353,3900.1961404958442,3923.2814317707307,3931.8932459601665
ae42b961-22af-40d9-99a1-1694e83275cc,l3_lpm,single_switch,1,45,45,resource_only,60.0,0.1,net_io_pps_per_iface,1,33,601,3910.0342677009157,622.6703073926725,3884.3307959250224,10.060623965568993,3860.7121852468354,3901.69727712955,3929.7318347045916,19145.719781646494
ae42b961-22af-40d9-99a1-1694e83275cc,l3_lpm,single_switch,1,45,45,resource_only,60.0,0.1,net_io_pps_per_iface,2,39,601,3913.7347008077313,712.9431387181374,3883.841624264459,9.920407326505028,3876.0449609985735,3893.6130792519934,3902.84638571663,21359.535039912673
ae42b961-22af-40d9-99a1-1694e83275cc,l3_lpm,single_switch,1,45,45,resource_only,60.0,0.1,net_io_pps_per_iface,3,34,601,3913.464257973331,706.1184684866495,3884.057441869083,10.043386528009705,3876.86202840969,3893.330588156143,3895.584007101008,21194.63349027413
ae42b961-22af-40d9-99a1-1694e83275cc,l3_lpm,single_switch,1,45,45,resource_only,60.0,0.1,net_io_pps_per_iface,4,0,601,3909.326105411203,604.9309637933952,3883.1690548892984,10.577687498650448,3860.9461253101695,3905.1369329988934,3929.863908325585,18710.707551483425
ae42b961-22af-40d9-99a1-1694e83275cc,l3_lpm,single_switch,1,45,45,resource_only,60.0,0.1,rss_per_bmv2_bytes,0,32,601,42729472.0,0.0,42729472.0,0.0,42729472.0,42729472.0,42729472.0,42729472.0
ae42b961-22af-40d9-99a1-1694e83275cc,l3_lpm,single_switch,1,45,45,resource_only,60.0,0.1,rss_per_bmv2_bytes,1,33,601,42336256.0,0.0,42336256.0,0.0,42336256.0,42336256.0,42336256.0,42336256.0
ae42b961-22af-40d9-99a1-1694e83275cc,l3_lpm,single_switch,1,45,45,resource_only,60.0,0.1,rss_per_bmv2_bytes,2,39,601,42598400.0,0.0,42598400.0,0.0,42598400.0,42598400.0,42598400.0,42598400.0
ae42b961-22af-40d9-99a1-1694e83275cc,l3_lpm,single_switch,1,45,45,resource_only,60.0,0.1,rss_per_bmv2_bytes,3,34,601,42205184.0,0.0,42205184.0,0.0,42205184.0,42205184.0,42205184.0,42205184.0
ae42b961-22af-40d9-99a1-1694e83275cc,l3_lpm,single_switch,1,45,45,resource_only,60.0,0.1,rss_per_bmv2_bytes,4,0,601,42970679.374376036,48059.402893030296,42991616.0,0.0,42860544.0,42991616.0,42991616.0,42991616.0
ae42b961-22af-40d9-99a1-1694e83275cc,l3_lpm_acl,linear_n,4,1,1,resource_only,60.0,0.1,cpu_percent_per_bmv2,0,6,600,7.167166666666667,7.730684172083546,10.0,10.0,0.0,20.0,30.0,40.0
ae42b961-22af-40d9-99a1-1694e83275cc,l3_lpm_acl,linear_n,4,1,1,resource_only,60.0,0.1,cpu_percent_per_bmv2,1,21,601,7.370382695507488,8.332641919181459,10.0,10.0,0.0,20.0,30.0,40.0
ae42b961-22af-40d9-99a1-1694e83275cc,l3_lpm_acl,linear_n,4,1,1,resource_only,60.0,0.1,cpu_percent_per_bmv2,2,9,601,7.221464226289518,8.131374741444489,10.0,10.0,0.0,20.0,30.0,40.0
ae42b961-22af-40d9-99a1-1694e83275cc,l3_lpm_acl,linear_n,4,1,1,resource_only,60.0,0.1,cpu_percent_per_bmv2,3,27,601,6.787853577371048,8.13070531289822,0.0,10.0,0.0,20.0,30.0,40.0
ae42b961-22af-40d9-99a1-1694e83275cc,l3_lpm_acl,linear_n,4,1,1,resource_only,60.0,0.1,cpu_percent_per_bmv2,4,15,601,6.787021630615641,8.451897101511078,0.0,10.0,0.0,20.0,30.0,40.0
ae42b961-22af-40d9-99a1-1694e83275cc,l3_lpm_acl,linear_n,4,1,1,resource_only,60.0,0.1,cpu_percent_total,0,6,600,6.971333333333332,0.6310641479439756,6.9,1.2000000000000002,6.3,8.0,8.601999999999999,11.7
ae42b961-22af-40d9-99a1-1694e83275cc,l3_lpm_acl,linear_n,4,1,1,resource_only,60.0,0.1,cpu_percent_total,1,21,601,7.007321131447587,0.652006885216241,6.9,0.7000000000000002,6.3,8.0,8.6,14.0
ae42b961-22af-40d9-99a1-1694e83275cc,l3_lpm_acl,linear_n,4,1,1,resource_only,60.0,0.1,cpu_percent_total,2,9,601,6.659068219633943,0.4960058437206076,6.5,0.6000000000000005,6.3,7.5,7.5,11.7
ae42b961-22af-40d9-99a1-1694e83275cc,l3_lpm_acl,linear_n,4,1,1,resource_only,60.0,0.1,cpu_percent_total,3,27,601,7.01098169717138,0.9574510612373084,6.9,1.2000000000000002,6.2,8.1,9.1,21.7
ae42b961-22af-40d9-99a1-1694e83275cc,l3_lpm_acl,linear_n,4,1,1,resource_only,60.0,0.1,cpu_percent_total,4,15,601,6.921797004991681,0.5342353714026072,6.9,0.20000000000000018,6.3,7.5,8.8,10.4
ae42b961-22af-40d9-99a1-1694e83275cc,l3_lpm_acl,linear_n,4,1,1,resource_only,60.0,0.1,net_io_pps_per_iface,0,6,600,344.7441102358466,22.99173857055611,359.7693842237284,39.822222798219116,319.83612553818625,360.29263366293105,363.43322073373525,389.57403584812255
ae42b961-22af-40d9-99a1-1694e83275cc,l3_lpm_acl,linear_n,4,1,1,resource_only,60.0,0.1,net_io_pps_per_iface,1,21,601,344.7747239476801,23.25017831483977,359.68120014941076,39.82043702621314,319.75948969116763,360.401018287709,365.1690222582133,375.2724204729087
ae42b961-22af-40d9-99a1-1694e83275cc,l3_lpm_acl,linear_n,4,1,1,resource_only,60.0,0.1,net_io_pps_per_iface,2,9,601,344.785005333466,24.05869814445946,359.7458503738462,39.99059594759228,319.67111283991864,360.5426817071383,368.7361824860502,405.8012598246975
ae42b961-22af-40d9-99a1-1694e83275cc,l3_lpm_acl,linear_n,4,1,1,resource_only,60.0,0.1,net_io_pps_per_iface,3,27,601,344.7369513405548,23.200555967132328,359.5863498741493,39.786160091882095,319.6293162686483,360.6004430143809,367.3243971096694,398.3375839626905
ae42b961-22af-40d9-99a1-1694e83275cc,l3_lpm_acl,linear_n,4,1,1,resource_only,60.0,0.1,net_io_pps_per_iface,4,15,601,344.7655902050695,23.293503846775945,359.7159395816814,39.873780496079405,319.6669837141355,360.42038709293973,360.7922059420743,370.6922318973214
ae42b961-22af-40d9-99a1-1694e83275cc,l3_lpm_acl,linear_n,4,1,1,resource_only,60.0,0.1,rss_per_bmv2_bytes,0,6,600,168783872.0,0.0,168783872.0,0.0,168783872.0,168783872.0,168783872.0,168783872.0
ae42b961-22af-40d9-99a1-1694e83275cc,l3_lpm_acl,linear_n,4,1,1,resource_only,60.0,0.1,rss_per_bmv2_bytes,1,21,601,168558592.0,0.0,168558592.0,0.0,168558592.0,168558592.0,168558592.0,168558592.0
ae42b961-22af-40d9-99a1-1694e83275cc,l3_lpm_acl,linear_n,4,1,1,resource_only,60.0,0.1,rss_per_bmv2_bytes,2,9,601,169295872.0,0.0,169295872.0,0.0,169295872.0,169295872.0,169295872.0,169295872.0
ae42b961-22af-40d9-99a1-1694e83275cc,l3_lpm_acl,linear_n,4,1,1,resource_only,60.0,0.1,rss_per_bmv2_bytes,3,27,601,169181184.0,0.0,169181184.0,0.0,169181184.0,169181184.0,169181184.0,169181184.0
ae42b961-22af-40d9-99a1-1694e83275cc,l3_lpm_acl,linear_n,4,1,1,resource_only,60.0,0.1,rss_per_bmv2_bytes,4,15,601,169205760.0,0.0,169205760.0,0.0,169205760.0,169205760.0,169205760.0,169205760.0
ae42b961-22af-40d9-99a1-1694e83275cc,l3_lpm_int,linear_n,4,1,1,resource_only,60.0,0.1,cpu_percent_per_bmv2,0,4,601,7.7216306156406,7.8107446083367185,10.0,10.0,0.0,20.0,30.0,30.299999999999997
ae42b961-22af-40d9-99a1-1694e83275cc,l3_lpm_int,linear_n,4,1,1,resource_only,60.0,0.1,cpu_percent_per_bmv2,1,17,601,6.590682196339435,7.605010170966188,9.9,10.0,0.0,20.0,30.0,30.0
ae42b961-22af-40d9-99a1-1694e83275cc,l3_lpm_int,linear_n,4,1,1,resource_only,60.0,0.1,cpu_percent_per_bmv2,2,31,601,6.738602329450916,7.895965681489582,9.9,10.0,0.0,20.0,30.0,40.0
ae42b961-22af-40d9-99a1-1694e83275cc,l3_lpm_int,linear_n,4,1,1,resource_only,60.0,0.1,cpu_percent_per_bmv2,3,11,601,6.406988352745424,7.465178123451852,0.0,10.0,0.0,20.0,30.0,30.0
ae42b961-22af-40d9-99a1-1694e83275cc,l3_lpm_int,linear_n,4,1,1,resource_only,60.0,0.1,cpu_percent_per_bmv2,4,23,601,6.6886855241264564,7.384319316583855,10.0,10.0,0.0,20.0,30.0,40.0
ae42b961-22af-40d9-99a1-1694e83275cc,l3_lpm_int,linear_n,4,1,1,resource_only,60.0,0.1,cpu_percent_total,0,4,601,7.041763727121463,0.8660848018999555,6.9,0.7999999999999998,6.3,8.0,9.3,21.7
ae42b961-22af-40d9-99a1-1694e83275cc,l3_lpm_int,linear_n,4,1,1,resource_only,60.0,0.1,cpu_percent_total,1,17,601,6.991846921797004,0.9210230271431918,6.9,0.7000000000000002,6.3,7.5,8.6,23.4
ae42b961-22af-40d9-99a1-1694e83275cc,l3_lpm_int,linear_n,4,1,1,resource_only,60.0,0.1,cpu_percent_total,2,31,601,7.1337770382695505,0.7260214943135043,6.9,0.5999999999999996,6.3,8.0,8.7,13.3
ae42b961-22af-40d9-99a1-1694e83275cc,l3_lpm_int,linear_n,4,1,1,resource_only,60.0,0.1,cpu_percent_total,3,11,601,6.903161397670548,0.5041229898619747,6.9,0.40000000000000036,6.3,7.5,8.1,10.6
ae42b961-22af-40d9-99a1-1694e83275cc,l3_lpm_int,linear_n,4,1,1,resource_only,60.0,0.1,cpu_percent_total,4,23,601,6.807154742096505,0.8948549552944182,6.9,0.6000000000000005,6.3,7.9,9.1,22.2
ae42b961-22af-40d9-99a1-1694e83275cc,l3_lpm_int,linear_n,4,1,1,resource_only,60.0,0.1,net_io_pps_per_iface,0,4,601,344.7796674055373,23.050076169207564,359.6162714243524,39.8139304981176,319.7209092315084,360.40582411785294,364.77550226076613,400.8837080067166
ae42b961-22af-40d9-99a1-1694e83275cc,l3_lpm_int,linear_n,4,1,1,resource_only,60.0,0.1,net_io_pps_per_iface,1,17,601,344.77273338935703,23.2333768114932,359.6825083446986,39.74853219397437,319.73041931003263,360.38223219324095,362.471647027472,380.2902599558882
ae42b961-22af-40d9-99a1-1694e83275cc,l3_lpm_int,linear_n,4,1,1,resource_only,60.0,0.1,net_io_pps_per_iface,2,31,601,344.7711877418825,22.934519653406582,359.69960047461956,39.83100881617736,319.810071189542,360.3751288020733,361.8265183637282,387.3432376324637
ae42b961-22af-40d9-99a1-1694e83275cc,l3_lpm_int,linear_n,4,1,1,resource_only,60.0,0.1,net_io_pps_per_iface,3,11,601,344.7671841416954,23.444458540077118,359.75616092475485,39.91507461987038,319.6956561453739,360.43031782319053,364.18111603441497,390.0186935476266
ae42b961-22af-40d9-99a1-1694e83275cc,l3_lpm_int,linear_n,4,1,1,resource_only,60.0,0.1,net_io_pps_per_iface,4,23,601,344.74560878106723,23.079425208272813,359.6787493483386,39.86793555477169,319.6914338975308,360.40556432294517,364.826566204707,375.36661582915264
ae42b961-22af-40d9-99a1-1694e83275cc,l3_lpm_int,linear_n,4,1,1,resource_only,60.0,0.1,rss_per_bmv2_bytes,0,4,601,166854656.0,0.0,166854656.0,0.0,166854656.0,166854656.0,166854656.0,166854656.0
ae42b961-22af-40d9-99a1-1694e83275cc,l3_lpm_int,linear_n,4,1,1,resource_only,60.0,0.1,rss_per_bmv2_bytes,1,17,601,167772160.0,0.0,167772160.0,0.0,167772160.0,167772160.0,167772160.0,167772160.0
ae42b961-22af-40d9-99a1-1694e83275cc,l3_lpm_int,linear_n,4,1,1,resource_only,60.0,0.1,rss_per_bmv2_bytes,2,31,601,168558592.0,0.0,168558592.0,0.0,168558592.0,168558592.0,168558592.0,168558592.0
ae42b961-22af-40d9-99a1-1694e83275cc,l3_lpm_int,linear_n,4,1,1,resource_only,60.0,0.1,rss_per_bmv2_bytes,3,11,601,168165376.0,0.0,168165376.0,0.0,168165376.0,168165376.0,168165376.0,168165376.0
ae42b961-22af-40d9-99a1-1694e83275cc,l3_lpm_int,linear_n,4,1,1,resource_only,60.0,0.1,rss_per_bmv2_bytes,4,23,601,167772160.0,0.0,167772160.0,0.0,167772160.0,167772160.0,167772160.0,167772160.0
